Name,Team,total_z,dollar_value,player_type
Shohei Ohtani,LAD,14.744375400925048,83.72187700462524,Hitter
Aaron Judge,NYY,13.260203189170646,76.30101594585324,Hitter
Juan Soto,NYM,12.997273550015013,74.98636775007506,Hitter
Mason Miller,SDP,13.370407585739969,74.85203792869984,Pitcher
Tarik Skubal,DET,13.308341952805812,74.54170976402906,Pitcher
Garrett Crochet,BOS,12.054110746893961,68.27055373446981,Pitcher
Edwin Díaz,LAD,11.799245927514256,66.99622963757128,Pitcher
Ronald Acuña Jr.,ATL,11.0150183353984,65.075091676992,Hitter
Jhoan Duran,PHI,11.351245620878029,64.75622810439015,Pitcher
Cade Smith,CLE,11.339316636267288,64.69658318133644,Pitcher
Paul Skenes,PIT,11.226949233505604,64.13474616752802,Pitcher
Josh Hader,HOU,10.150259067732126,58.751295338660626,Pitcher
Kyle Tucker,LAD,9.68475369724068,58.4237684862034,Hitter
Devin Williams,NYM,10.076205366780908,58.38102683390454,Pitcher
Corbin Carroll,ARI,9.592473088426173,57.96236544213087,Hitter
David Bednar,NYY,9.794204485963744,56.971022429818724,Pitcher
Aroldis Chapman,BOS,9.748395228133372,56.741976140666864,Pitcher
Bobby Witt Jr.,KCR,9.211391851724079,56.056959258620395,Hitter
Andrés Muñoz,SEA,9.57922581544777,55.896129077238854,Pitcher
José Ramírez,CLE,9.00249350162173,55.01246750810865,Hitter
Elly De La Cruz,CIN,8.954321873185988,54.77160936592994,Hitter
Logan Webb,SFG,9.349040271599787,54.74520135799894,Pitcher
Chris Sale,ATL,9.328851341884482,54.64425670942241,Pitcher
Fernando Tatis Jr.,SDP,8.853698752570311,54.268493762851556,Hitter
Bryan Woo,SEA,9.142478259147612,53.71239129573806,Pitcher
Kyle Schwarber,PHI,8.487385928866516,52.43692964433258,Hitter
Vladimir Guerrero Jr.,TOR,8.257569274957191,51.28784637478596,Hitter
Gunnar Henderson,BAL,8.218481550144535,51.09240775072267,Hitter
Cristopher Sánchez,PHI,8.397587956256126,49.98793978128063,Pitcher
Julio Rodríguez,SEA,7.95373028350989,49.76865141754945,Hitter
Ryan Walker,SFG,8.344977202486332,49.72488601243166,Pitcher
Hunter Brown,HOU,8.255327451675644,49.276637258378216,Pitcher
Jacob deGrom,TEX,8.185551944516579,48.92775972258289,Pitcher
Max Fried,NYY,8.14122253003832,48.7061126501916,Pitcher
Yoshinobu Yamamoto,LAD,7.964165147503385,47.82082573751693,Pitcher
Hunter Greene,CIN,7.882423441091831,47.412117205459154,Pitcher
Cole Ragans,KCR,7.854437583329818,47.27218791664909,Pitcher
Logan Gilbert,SEA,7.776805266835286,46.884026334176426,Pitcher
Jeff Hoffman,TOR,7.765711370541746,46.82855685270873,Pitcher
George Kirby,SEA,7.760236599917906,46.80118299958953,Pitcher
Francisco Lindor,NYM,7.295570652160264,46.47785326080132,Hitter
Dylan Cease,TOR,7.47373276992747,45.36866384963735,Pitcher
Abner Uribe,MIL,7.466597057130487,45.332985285652434,Pitcher
Bryce Harper,PHI,7.038220213682833,45.19110106841416,Hitter
Griffin Jax,TBR,7.320720438787484,44.60360219393742,Pitcher
Junior Caminero,TBR,6.901509949303933,44.507549746519665,Hitter
Raisel Iglesias,ATL,7.292740076673712,44.46370038336856,Pitcher
Zach Neto,LAA,6.869695364458633,44.348476822293165,Hitter
Ryan Helsley,BAL,7.163020403357122,43.81510201678561,Pitcher
Nick Kurtz,ATH,6.754511332390675,43.772556661953374,Hitter
Framber Valdez,,7.147155338420985,43.73577669210493,Pitcher
Spencer Schwellenbach,ATL,7.1438343663136274,43.71917183156814,Pitcher
Pete Alonso,BAL,6.699585934351603,43.497929671758016,Hitter
Joe Ryan,MIN,7.085643173340716,43.42821586670358,Pitcher
Jazz Chisholm Jr.,NYY,6.66800752471887,43.340037623594355,Hitter
Daniel Palencia,CHC,7.060601749470604,43.30300874735302,Pitcher
Jesús Luzardo,PHI,6.946035982939728,42.73017991469864,Pitcher
Cal Raleigh,SEA,6.525885186255478,42.62942593127739,Hitter
Yordan Alvarez,HOU,6.521704628220991,42.60852314110495,Hitter
Pete Fairbanks,MIA,6.915628160747318,42.57814080373659,Pitcher
Wyatt Langford,TEX,6.495360580969997,42.47680290484999,Hitter
Brent Rooker,ATH,6.4409130771249,42.204565385624505,Hitter
Pete Crow-Armstrong,CHC,6.36818030630274,41.8409015315137,Hitter
James Wood,WSN,6.327007877240044,41.63503938620022,Hitter
Nick Pivetta,SDP,6.649675541629227,41.24837770814614,Pitcher
Sonny Gray,BOS,6.587905009653555,40.939525048267775,Pitcher
Zack Wheeler,PHI,6.561052924549265,40.80526462274632,Pitcher
Spencer Strider,ATL,6.429233497951176,40.14616748975588,Pitcher
Geraldo Perdomo,ARI,6.020497303025469,40.102486515127346,Hitter
Freddie Freeman,LAD,5.956240613605617,39.781203068028084,Hitter
Mookie Betts,LAD,5.845276871267728,39.22638435633864,Hitter
Jackson Chourio,MIL,5.836370430257857,39.18185215128929,Hitter
Ketel Marte,ARI,5.690690960521014,38.453454802605066,Hitter
Trea Turner,PHI,5.639276998781784,38.19638499390892,Hitter
Rafael Devers,SFG,5.623402224166067,38.117011120830334,Hitter
Pablo López,MIN,5.976132230573521,37.8806611528676,Pitcher
Brandon Woodruff,MIL,5.952014540085801,37.760072700429006,Pitcher
Shane McClanahan,TBR,5.906489616308418,37.53244808154209,Pitcher
Michael King,SDP,5.885083251696353,37.42541625848177,Pitcher
Matt Olson,ATL,5.443807804514613,37.219039022573064,Hitter
Randy Arozarena,SEA,5.411138796186484,37.05569398093242,Hitter
Freddy Peralta,NYM,5.794311971408783,36.971559857043914,Pitcher
Kevin Gausman,TOR,5.78437567296359,36.92187836481795,Pitcher
Blake Snell,LAD,5.751664576307131,36.758322881535655,Pitcher
Luis Castillo,SEA,5.6921002964848215,36.46050148242411,Pitcher
Robert Garcia,TEX,5.682807741496003,36.41403870748002,Pitcher
MacKenzie Gore,TEX,5.644868404611053,36.224342023055264,Pitcher
Nathan Eovaldi,TEX,5.638627234028347,36.19313617014174,Pitcher
Dennis Santana,PIT,5.537347933169325,35.68673966584663,Pitcher
Zac Gallen,,5.526528551498698,35.63264275749349,Pitcher
Shohei Ohtani,LAD,5.522871170461959,35.61435585230979,Pitcher
Ranger Suárez,BOS,5.409049234013278,35.04524617006639,Pitcher
Tanner Bibee,CLE,5.320028158784788,34.60014079392394,Pitcher
Kyle Bradish,BAL,5.2523062920568995,34.2615314602845,Pitcher
Emilio Pagán,CIN,5.250695512049971,34.253477560249856,Pitcher
Aaron Nola,PHI,5.2500472525178665,34.25023626258933,Pitcher
Josh Naylor,SEA,4.814835946520688,34.07417973260344,Hitter
Roman Anthony,BOS,4.709140756566115,33.54570378283057,Hitter
Carlos Estévez,KCR,5.108887870717141,33.5444393535857,Pitcher
George Springer,TOR,4.704162922684953,33.52081461342476,Hitter
Matt Chapman,SFG,4.678069948139606,33.39034974069803,Hitter
CJ Abrams,WSN,4.651339818875663,33.25669909437832,Hitter
Christian Yelich,MIL,4.623228705977252,33.11614352988626,Hitter
Drew Rasmussen,TBR,5.022488472350692,33.11244236175346,Pitcher
Matthew Boyd,CHC,4.968349028973415,32.841745144867076,Pitcher
Cody Bellinger,NYY,4.530978097981018,32.65489048990509,Hitter
Munetaka Murakami,CHW,4.524199161061622,32.62099580530811,Hitter
Byron Buxton,MIN,4.482439610661057,32.41219805330529,Hitter
Brice Turang,MIL,4.479547770349838,32.397738851749196,Hitter
Tyler Glasnow,LAD,4.85404568867266,32.2702284433633,Pitcher
Jack Flaherty,DET,4.839507084706448,32.197535423532244,Pitcher
Garrett Cleavinger,TBR,4.819515781989407,32.09757890994704,Pitcher
Riley Greene,DET,4.388273758438272,31.941368792191362,Hitter
Emmet Sheehan,LAD,4.772145674946774,31.86072837473387,Pitcher
Carlos Rodón,NYY,4.7507206159934965,31.753603079967483,Pitcher
Willy Adames,SFG,4.311176873404768,31.55588436702384,Hitter
Yandy Díaz,TBR,4.310775117753174,31.55387558876587,Hitter
Chase Burns,CIN,4.7089782814999115,31.544891407499556,Pitcher
Seiya Suzuki,CHC,4.300908567347151,31.504542836735755,Hitter
Maikel Garcia,KCR,4.287802903296857,31.439014516484285,Hitter
Trevor Megill,MIL,4.684814447900353,31.42407223950176,Pitcher
Oneil Cruz,PIT,4.2774504826290505,31.38725241314525,Hitter
Manny Machado,SDP,4.260781665210412,31.30390832605206,Hitter
Bryan Abreu,HOU,4.583070512417452,30.915352562087257,Pitcher
Merrill Kelly,ARI,4.582305477798751,30.911527388993754,Pitcher
Ryan Pepiot,TBR,4.554606351385395,30.773031756926976,Pitcher
Hunter Harvey,CHC,4.548141380465555,30.740706902327776,Pitcher
Jakob Marsee,MIA,4.064645782984774,30.323228914923874,Hitter
Austin Riley,ATL,4.052317435478209,30.261587177391046,Hitter
Iván Herrera,STL,3.9997273402827562,29.99863670141378,Hitter
Trevor Story,BOS,3.9745226367503053,29.872613183751525,Hitter
Taylor Ward,BAL,3.9656760116142107,29.828380058071055,Hitter
Sandy Alcantara,MIA,4.360329616235023,29.801648081175117,Pitcher
Gavin Williams,CLE,4.3494226972883245,29.747113486441624,Pitcher
Joe Musgrove,SDP,4.345581175854017,29.727905879270082,Pitcher
Ian Happ,CHC,3.933111625119568,29.66555812559784,Hitter
Michael Busch,CHC,3.8337914504213506,29.168957252106754,Hitter
William Contreras,MIL,3.799535632720656,28.99767816360328,Hitter
Kris Bubic,KCR,4.176995203212435,28.884976016062176,Pitcher
Corey Seager,TEX,3.7736226902230188,28.868113451115093,Hitter
Shota Imanaga,CHC,4.167932925248091,28.839664626240456,Pitcher
Nick Lodolo,CIN,4.146942358867838,28.73471179433919,Pitcher
Edwin Uceta,TBR,4.138695304518032,28.69347652259016,Pitcher
Kenley Jansen,DET,4.137551544018497,28.687757720092485,Pitcher
Seranthony Domínguez,CHW,4.085273871151918,28.42636935575959,Pitcher
Brandon Pfaadt,ARI,4.06437926089335,28.32189630446675,Pitcher
Luke Keaschall,MIN,3.661561565711118,28.30780782855559,Hitter
Jeremiah Estrada,SDP,4.024846963685611,28.124234818428054,Pitcher
Alex Bregman,CHC,3.6150052036827787,28.075026018413894,Hitter
Steven Kwan,CLE,3.601101406036724,28.005507030183622,Hitter
Garrett Whitlock,BOS,3.9697048084098068,27.848524042049036,Pitcher
Jacob Misiorowski,MIL,3.9662185694000813,27.831092847000406,Pitcher
Shane Bieber,TOR,3.965731091143775,27.828655455718874,Pitcher
Robbie Ray,SFG,3.9561383664524676,27.780691832262338,Pitcher
José Soriano,LAA,3.946253449696227,27.731267248481135,Pitcher
Nico Hoerner,CHC,3.508020897223729,27.540104486118643,Hitter
Edward Cabrera,CHC,3.904892837913957,27.524464189569784,Pitcher
Jeremy Peña,HOU,3.4949762630819494,27.474881315409746,Hitter
Gerrit Cole,NYY,3.8928900038724934,27.464450019362467,Pitcher
Mike Trout,LAA,3.48759332982217,27.437966649110848,Hitter
Jose Altuve,HOU,3.486616236005115,27.433081180025574,Hitter
Luis Robert Jr.,NYM,3.483838594534129,27.419192972670643,Hitter
Jurickson Profar,ATL,3.4825692369898418,27.41284618494921,Hitter
Nolan McLean,NYM,3.85573921181505,27.27869605907525,Pitcher
Jonathan Aranda,TBR,3.4384609392940346,27.192304696470174,Hitter
Spencer Torkelson,DET,3.436762218734307,27.183811093671537,Hitter
Reynaldo López,ATL,3.8227920838898846,27.113960419449423,Pitcher
Jordan Westburg,BAL,3.416014783310198,27.08007391655099,Hitter
Willson Contreras,BOS,3.4050403434097887,27.025201717048944,Hitter
Reid Detmers,LAA,3.783913451882417,26.919567259412084,Pitcher
Jo Adell,LAA,3.3714314345743155,26.857157172871577,Hitter
Lawrence Butler,ATH,3.367186216715857,26.835931083579286,Hitter
Eury Pérez,MIA,3.754520563112534,26.77260281556267,Pitcher
Robert Suarez,ATL,3.7180027042437365,26.590013521218683,Pitcher
Jarren Duran,BOS,3.2854345486942957,26.42717274347148,Hitter
JoJo Romero,STL,3.683871099684401,26.419355498422007,Pitcher
Teoscar Hernández,LAD,3.2529721757371064,26.264860878685532,Hitter
Bo Bichette,NYM,3.240483442721379,26.202417213606893,Hitter
Cody Ponce,TOR,3.6219551571773847,26.109775785886924,Pitcher
Vinnie Pasquantino,KCR,3.2163750010553853,26.081875005276927,Hitter
Bryson Stott,PHI,3.2163406775207353,26.081703387603675,Hitter
Dansby Swanson,CHC,3.2026746287756014,26.013373143878006,Hitter
Ben Rice,NYY,3.132396853198256,25.66198426599128,Hitter
Caleb Durbin,MIL,3.127435600944824,25.63717800472412,Hitter
Gleyber Torres,DET,3.103855255502052,25.51927627751026,Hitter
Jackson Merrill,SDP,3.0810937661650173,25.405468830825086,Hitter
Logan Henderson,MIL,3.459821419684183,25.299107098420915,Pitcher
Andy Pages,LAD,3.0458015517320534,25.229007758660266,Hitter
Matt Brash,SEA,3.4270889743544504,25.13544487177225,Pitcher
Dylan Crews,WSN,3.018400907700126,25.092004538500632,Hitter
Adrian Morejon,SDP,3.4147111026219266,25.073555513109632,Pitcher
Will Vest,DET,3.3861271421591264,24.93063571079563,Pitcher
Mitch Keller,PIT,3.2926877754722574,24.463438877361288,Pitcher
Zebby Matthews,MIN,3.275825434558032,24.37912717279016,Pitcher
Michael Harris II,ATL,2.853180999455925,24.265904997279627,Hitter
Joey Cantillo,CLE,3.246221422453747,24.231107112268734,Pitcher
Tyler Soderstrom,ATH,2.836465528552887,24.182327642764434,Hitter
Casey Mize,DET,3.2350165579216674,24.175082789608336,Pitcher
Ceddanne Rafaela,BOS,2.8334111701596756,24.167055850798377,Hitter
Shane Baz,BAL,3.225026963909102,24.12513481954551,Pitcher
Andrew Abbott,CIN,3.223342980209606,24.11671490104803,Pitcher
Kyle Stowers,MIA,2.804138209437177,24.020691047185885,Hitter
Trey Yesavage,TOR,3.1859055083657095,23.92952754182855,Pitcher
Adolis García,PHI,2.75461895453041,23.77309477265205,Hitter
Grant Taylor,CHW,3.1523823689464345,23.76191184473217,Pitcher
Chris Bassitt,,3.1476799555465704,23.73839977773285,Pitcher
Trevor Rogers,BAL,3.1195848418405716,23.59792420920286,Pitcher
Quinn Priester,MIL,3.116227740901189,23.581138704505946,Pitcher
Heliot Ramos,SFG,2.7081759581241016,23.540879790620508,Hitter
Braxton Ashcraft,PIT,3.0979289306878073,23.489644653439036,Pitcher
Chris Martin,TEX,3.0875610631885815,23.437805315942907,Pitcher
Brady Singer,CIN,3.07562098534036,23.378104926701802,Pitcher
Sean Manaea,NYM,3.0609594142827654,23.304797071413827,Pitcher
Brandon Nimmo,TEX,2.645324994488424,23.22662497244212,Hitter
Ryne Nelson,ARI,3.041047601959394,23.20523800979697,Pitcher
Jose A. Ferrer,SEA,3.020641384250931,23.103206921254653,Pitcher
David Peterson,NYM,2.9931055347815696,22.96552767390785,Pitcher
Reese Olson,DET,2.974026094229391,22.870130471146954,Pitcher
Eugenio Suárez,,2.5676988373439453,22.83849418671973,Hitter
Gabe Speier,SEA,2.9675087187290794,22.837543593645396,Pitcher
Jackson Holliday,BAL,2.5659226594164455,22.829613297082226,Hitter
Bryce Miller,SEA,2.941104821971482,22.70552410985741,Pitcher
A.J. Puk,ARI,2.9318846062461263,22.65942303123063,Pitcher
Michael Soroka,ARI,2.9300260106395597,22.6501300531978,Pitcher
José Alvarado,PHI,2.929909894838868,22.64954947419434,Pitcher
Clay Holmes,NYM,2.9128271419574614,22.56413570978731,Pitcher
Yusei Kikuchi,LAA,2.9015201281757648,22.507600640878824,Pitcher
Xavier Edwards,MIA,2.4887152912904424,22.443576456452213,Hitter
Matt Strahm,KCR,2.8721419747310506,22.360709873655253,Pitcher
Matt McLain,CIN,2.465830823930267,22.329154119651335,Hitter
Dustin May,STL,2.8633281247361073,22.316640623680534,Pitcher
Alec Burleson,STL,2.4406736850392274,22.20336842519614,Hitter
Nolan Schanuel,LAA,2.44054355970569,22.20271779852845,Hitter
Robert Stephenson,LAA,2.799108857498717,21.995544287493583,Pitcher
Hunter Goodman,COL,2.3885320876160057,21.94266043808003,Hitter
Daulton Varsho,TOR,2.380572559960788,21.90286279980394,Hitter
Braxton Garrett,MIA,2.780396875774383,21.901984378871916,Pitcher
Shea Langeliers,ATH,2.3604926111655153,21.802463055827577,Hitter
Riley O'Brien,STL,2.7326806281450677,21.66340314072534,Pitcher
Grayson Rodriguez,LAA,2.7271942770304016,21.635971385152008,Pitcher
Shane Smith,CHW,2.722632989062228,21.61316494531114,Pitcher
Kazuma Okamoto,TOR,2.30673675624984,21.533683781249202,Hitter
Tanner Scott,LAD,2.6651657044117503,21.32582852205875,Pitcher
Tatsuya Imai,HOU,2.6634498543655805,21.317249271827905,Pitcher
TJ Friedl,CIN,2.255956231524653,21.279781157623265,Hitter
Sal Stewart,CIN,2.231474695035215,21.157373475176076,Hitter
Marcus Semien,NYM,2.220031011399541,21.100155056997707,Hitter
A.J. Minter,NYM,2.6135062485468508,21.067531242734255,Pitcher
Colton Cowser,BAL,2.1859793016656264,20.92989650832813,Hitter
Jeffrey Springs,ATH,2.5836340064334546,20.918170032167275,Pitcher
Trent Grisham,NYY,2.1678903300927534,20.839451650463765,Hitter
Michael Wacha,KCR,2.559595982800895,20.797979914004475,Pitcher
Wilyer Abreu,BOS,2.1098372677400636,20.549186338700316,Hitter
Bailey Ober,MIN,2.5024184582918556,20.51209229145928,Pitcher
Jorge Polanco,NYM,2.0857825989053036,20.42891299452652,Hitter
Michael McGreevy,STL,2.4784966906951347,20.392483453475673,Pitcher
Kyle Manzardo,CLE,2.0781244364449787,20.390622182224895,Hitter
Bubba Chandler,PIT,2.4661166338306857,20.330583169153428,Pitcher
Jack Leiter,TEX,2.4048981038484003,20.024490519242,Pitcher
Orion Kerkering,PHI,2.38886123229602,19.9443061614801,Pitcher
Ozzie Albies,ATL,1.9877370264723244,19.93868513236162,Hitter
Alex Vesia,LAD,2.385035635994411,19.925178179972058,Pitcher
Louis Varland,TOR,2.372063579444043,19.860317897220213,Pitcher
Taylor Rogers,MIN,2.3643676374489444,19.821838187244722,Pitcher
Christian Walker,HOU,1.9369681669087893,19.684840834543948,Hitter
Cade Horton,CHC,2.3358721153277617,19.679360576638807,Pitcher
Will Smith,LAD,1.9089137468066726,19.544568734033362,Hitter
Xander Bogaerts,SDP,1.9060418550827352,19.530209275413675,Hitter
Brenton Doyle,COL,1.9017248422962094,19.50862421148105,Hitter
Andrés Giménez,TOR,1.89574626920409,19.47873134602045,Hitter
Cam Schlittler,NYY,2.2928480667515507,19.464240333757754,Pitcher
Justin Steele,CHC,2.283086872105168,19.41543436052584,Pitcher
Roki Sasaki,LAD,2.2817954243119667,19.408977121559833,Pitcher
Jacob Lopez,ATH,2.263822043619734,19.31911021809867,Pitcher
Jacob Wilson,ATH,1.8584131831096031,19.292065915548015,Hitter
Ezequiel Tovar,COL,1.83548087519908,19.1774043759954,Hitter
Fernando Cruz,NYY,2.2338747269656563,19.169373634828283,Pitcher
Jameson Taillon,CHC,2.2204357601676685,19.10217880083834,Pitcher
Royce Lewis,MIN,1.789492951737993,18.947464758689964,Hitter
Noelvi Marte,CIN,1.781497530292918,18.90748765146459,Hitter
Tyler Mahle,SFG,2.14866560813379,18.74332804066895,Pitcher
Foster Griffin,WSN,2.148640214214577,18.743201071072885,Pitcher
Luis Severino,ATH,2.146518205467456,18.73259102733728,Pitcher
Bryan Reynolds,PIT,1.7402036647340309,18.701018323670155,Hitter
Max Muncy,LAD,1.7159659308537278,18.57982965426864,Hitter
Matthew Liberatore,STL,2.1156830086461302,18.57841504323065,Pitcher
Zach Eflin,BAL,2.115653281340789,18.578266406703946,Pitcher
Miguel Vargas,CHW,1.7102918110045078,18.55145905502254,Hitter
Dylan Lee,ATL,2.0990164840197507,18.495082420098754,Pitcher
Caleb Thielbar,CHC,2.0635799647035413,18.317899823517706,Pitcher
Drake Baldwin,ATL,1.653369672061142,18.26684836030571,Hitter
Clayton Beeter,WSN,2.040976411311312,18.20488205655656,Pitcher
Landen Roupp,SFG,2.038958448423722,18.19479224211861,Pitcher
Max Scherzer,,2.033403492601601,18.167017463008005,Pitcher
Will Warren,NYY,2.011168226030544,18.05584113015272,Pitcher
Spencer Steer,CIN,1.6078678332708694,18.039339166354345,Hitter
Kodai Senga,NYM,1.9965717104171055,17.982858552085528,Pitcher
Mike Burrows,HOU,1.9634775809551877,17.817387904775938,Pitcher
Zack Littell,,1.9562090599359148,17.781045299679576,Pitcher
Anthony Santander,TOR,1.5409165023395568,17.704582511697783,Hitter
Chad Patrick,MIL,1.9336613088010288,17.668306544005144,Pitcher
Ramón Laureano,SDP,1.5002282716607014,17.501141358303506,Hitter
Nick Martinez,,1.8956784374111404,17.478392187055704,Pitcher
Marcell Ozuna,,1.4953404237163772,17.476702118581887,Hitter
Andrew Kittredge,BAL,1.8659274143913316,17.329637071956657,Pitcher
Steven Matz,TBR,1.8515017008048607,17.2575085040243,Pitcher
Victor Scott II,STL,1.4384320128640353,17.192160064320177,Hitter
Slade Cecconi,CLE,1.8317910994004538,17.158955497002268,Pitcher
Lars Nootbaar,STL,1.4275290980359312,17.137645490179658,Hitter
Tyler Holton,DET,1.8177352297298013,17.088676148649007,Pitcher
Willi Castro,COL,1.4039899408448657,17.01994970422433,Hitter
Adley Rutschman,BAL,1.393602095226015,16.968010476130075,Hitter
Phil Maton,CHC,1.7923640654525275,16.961820327262636,Pitcher
Chandler Simpson,TBR,1.3814398714688778,16.90719935734439,Hitter
Noah Cameron,KCR,1.765830446232193,16.829152231160965,Pitcher
Taj Bradley,MIN,1.7550081321704605,16.7750406608523,Pitcher
Seth Lugo,KCR,1.7414650867379426,16.70732543368971,Pitcher
Colson Montgomery,CHW,1.3277490601956214,16.63874530097811,Hitter
Dean Kremer,BAL,1.7020102941011308,16.510051470505655,Pitcher
Alec Bohm,PHI,1.2942213286737703,16.471106643368852,Hitter
Otto Lopez,MIA,1.2927511047642948,16.463755523821476,Hitter
Matt Wallner,MIN,1.2901269584775847,16.450634792387923,Hitter
Max Meyer,MIA,1.6786743791677123,16.393371895838563,Pitcher
Jared Koenig,MIL,1.6621335966409903,16.31066798320495,Pitcher
Brayan Bello,BOS,1.6487263702296684,16.243631851148344,Pitcher
Parker Messick,CLE,1.641802436953108,16.20901218476554,Pitcher
Jordan Beck,COL,1.2325479377854567,16.16273968892728,Hitter
Masyn Winn,STL,1.2310801354947063,16.15540067747353,Hitter
Bryan King,HOU,1.6304990925868807,16.152495462934404,Pitcher
Eduardo Rodriguez,ARI,1.6074668847812175,16.03733442390609,Pitcher
Brendan Donovan,STL,1.2055187772879603,16.027593886439803,Hitter
Kerry Carpenter,DET,1.2034347493513746,16.017173746756875,Hitter
Brandon Lowe,PIT,1.1869728727214803,15.934864363607401,Hitter
Ryan Weathers,NYY,1.585674624364799,15.928373121823995,Pitcher
Camilo Doval,NYY,1.5464791411224366,15.732395705612182,Pitcher
Salvador Perez,KCR,1.115780885022237,15.578904425111185,Hitter
Sam Hentges,SFG,1.4983837299051725,15.491918649525863,Pitcher
Josh Lowe,LAA,1.0933988083663797,15.4669940418319,Hitter
Eduard Bazardo,SEA,1.4737873660399718,15.368936830199859,Pitcher
Jac Caglianone,KCR,1.0678402018578719,15.33920100928936,Hitter
Jason Adam,SDP,1.4092831128550547,15.046415564275273,Pitcher
Justin Verlander,,1.3722559114865696,14.861279557432848,Pitcher
Shawn Armstrong,CLE,1.344027863989972,14.72013931994986,Pitcher
Bryan Baker,TBR,1.336321197248796,14.68160598624398,Pitcher
Yimi García,TOR,1.3181113354844716,14.590556677422358,Pitcher
Jake Burger,TEX,0.9159964945771935,14.579982472885966,Hitter
Daylen Lile,WSN,0.9086293615910404,14.543146807955202,Hitter
Kevin Ginkel,ARI,1.2991145579386891,14.495572789693446,Pitcher
Luke Weaver,NYM,1.2974238741266961,14.487119370633481,Pitcher
Ryan O'Hearn,PIT,0.8930775110184077,14.46538755509204,Hitter
Luis García Jr.,WSN,0.8846674797350986,14.423337398675493,Hitter
Isaac Paredes,HOU,0.884634398697389,14.423171993486946,Hitter
Hurston Waldrep,ATL,1.270045844418687,14.350229222093436,Pitcher
Chase Meidroth,CHW,0.855447934132452,14.27723967066226,Hitter
Jeff McNeil,ATH,0.8463934791103815,14.231967395551909,Hitter
Robert Gasser,MIL,1.2453544957503695,14.226772478751847,Pitcher
Josh Bell,MIN,0.8394080408842155,14.197040204421079,Hitter
Evan Carter,TEX,0.8393269291028332,14.196634645514166,Hitter
Jared Triolo,PIT,0.8249478839376694,14.124739419688346,Hitter
Jake Cronenworth,SDP,0.8125665699494204,14.062832849747103,Hitter
Jung Hoo Lee,SFG,0.7461547983845913,13.730773991922955,Hitter
Mark Leiter Jr.,ATH,1.1370215615595898,13.685107807797948,Pitcher
Luis Arraez,SFG,0.7351930516199001,13.6759652580995,Hitter
Cade Cavalli,WSN,1.1125098234376174,13.562549117188087,Pitcher
Justin Martinez,ARI,1.094193897114632,13.47096948557316,Pitcher
Drew Anderson,DET,1.069571932033635,13.347859660168176,Pitcher
Cole Sands,MIN,1.0652490056860573,13.326245028430286,Pitcher
Aaron Civale,,1.0628172499121653,13.314086249560827,Pitcher
Victor Vodnik,COL,1.0622002463806968,13.311001231903484,Pitcher
Ernie Clement,TOR,0.640534349045695,13.202671745228475,Hitter
Konnor Griffin,PIT,0.6375493310544853,13.187746655272427,Hitter
José Berríos,TOR,1.0198411539237606,13.099205769618802,Pitcher
Ian Seymour,TBR,1.0193634690540399,13.0968173452702,Pitcher
Steven Okert,HOU,0.9958544611430546,12.979272305715273,Pitcher
Robby Snelling,MIA,0.9902287997920776,12.951143998960388,Pitcher
Troy Melton,DET,0.9871918786772074,12.935959393386037,Pitcher
Hunter Gaddis,CLE,0.9859004975257866,12.929502487628934,Pitcher
Brusdar Graterol,LAD,0.9830162161316642,12.915081080658322,Pitcher
Brandon Marsh,PHI,0.569695747119682,12.848478735598409,Hitter
Carlos Correa,HOU,0.5528040624198743,12.764020312099372,Hitter
Mickey Moniak,COL,0.5322421557723602,12.6612107788618,Hitter
Harrison Bader,SFG,0.49179910783016856,12.458995539150843,Hitter
Jared Jones,PIT,0.8882679414963404,12.441339707481703,Pitcher
J.P. Crawford,SEA,0.4849931253845282,12.424965626922642,Hitter
Joey Ortiz,MIL,0.4779526452755508,12.389763226377754,Hitter
Drew Pomeranz,LAA,0.8679343247709087,12.339671623854542,Pitcher
Sal Frelick,MIL,0.46572239062145304,12.328611953107265,Hitter
Kirby Yates,LAA,0.8621805908427884,12.310902954213942,Pitcher
Bennett Sousa,HOU,0.8588104823252201,12.294052411626101,Pitcher
Gregory Soto,PIT,0.844065960386549,12.220329801932746,Pitcher
Ben Brown,CHC,0.8275475479898834,12.137737739949417,Pitcher
Spencer Horwitz,PIT,0.4234207695545378,12.11710384777269,Hitter
Keegan Akin,BAL,0.8058091156250644,12.029045578125322,Pitcher
Matt Svanson,STL,0.8047674705077041,12.023837352538521,Pitcher
Lucas Erceg,KCR,0.7932941086979419,11.96647054348971,Pitcher
Simeon Woods Richardson,MIN,0.7790142279808484,11.895071139904243,Pitcher
Andrew Saalfrank,ARI,0.7718554459197342,11.859277229598671,Pitcher
Tyler Rogers,TOR,0.7635940903226267,11.817970451613133,Pitcher
Corbin Burnes,ARI,0.7606765337694992,11.803382668847496,Pitcher
Justin Sterner,ATH,0.7603317976413648,11.801658988206825,Pitcher
Ben Joyce,LAA,0.7598863331615668,11.799431665807834,Pitcher
Tommy Edman,LAD,0.3354177698042786,11.677088849021393,Hitter
Cedric Mullins,TBR,0.33462852573866086,11.673142628693304,Hitter
Justin Crawford,PHI,0.3224306830397693,11.612153415198847,Hitter
Graham Ashcraft,CIN,0.7209483286591389,11.604741643295695,Pitcher
Alejandro Kirk,TOR,0.3174669947372868,11.587334973686435,Hitter
Kyle Leahy,STL,0.7146277237371912,11.573138618685956,Pitcher
Joc Pederson,TEX,0.2860495704502005,11.430247852251004,Hitter
Kumar Rocker,TEX,0.662714042539177,11.313570212695884,Pitcher
Brooks Raley,NYM,0.6571232184372132,11.285616092186066,Pitcher
Cristian Javier,HOU,0.6556173798196872,11.278086899098437,Pitcher
Dylan Beavers,BAL,0.24651856268065264,11.232592813403263,Hitter
Giancarlo Stanton,NYY,0.2323159411094874,11.161579705547437,Hitter
Adrian Houser,SFG,0.6142877327583907,11.071438663791954,Pitcher
Angel Zerpa,MIL,0.6097743323321301,11.04887166166065,Pitcher
JP Sears,SDP,0.5862250823035726,10.931125411517863,Pitcher
Blake Treinen,LAD,0.5830965447776619,10.91548272388831,Pitcher
Agustín Ramírez,MIA,0.1790369240202616,10.895184620101308,Hitter
Jorge Soler,LAA,0.16889162401675328,10.844458120083766,Hitter
Nolan Gorman,STL,0.13779858712933868,10.688992935646693,Hitter
Addison Barger,TOR,0.1357683368676262,10.678841684338131,Hitter
Parker Meadows,DET,0.11877555179345278,10.593877758967263,Hitter
Jordan Leasure,CHW,0.48212239992316896,10.410611999615845,Pitcher
Jonathan Loáisiga,ARI,0.4795883810394649,10.397941905197325,Pitcher
Gabriel Moreno,ARI,0.0791790451592369,10.395895225796185,Hitter
Kyle Finnegan,DET,0.47820994539442313,10.391049726972115,Pitcher
Brad Lord,WSN,0.4773655400421332,10.386827700210667,Pitcher
Aaron Bummer,ATL,0.43962323392777325,10.198116169638865,Pitcher
Ryan Jeffers,MIN,0.03661193178847527,10.183059658942376,Hitter
Paul Goldschmidt,,0.01954354002146097,10.097717700107305,Hitter
Colt Keith,DET,-0.023820059797116988,9.880899701014416,Hitter
Nolan Arenado,ARI,-0.025418409024445754,9.872907954877771,Hitter
Lucas Giolito,,0.37066588682926305,9.853329434146316,Pitcher
Andrew Nardi,MIA,0.35906481278685254,9.795324063934263,Pitcher
Kutter Crawford,BOS,0.3556598015602807,9.778299007801404,Pitcher
Tanner Banks,PHI,0.3395846013295202,9.697923006647601,Pitcher
Jonathan India,KCR,-0.07156102010826293,9.642194899458685,Hitter
Carmen Mlodzinski,PIT,0.31314264032413025,9.565713201620651,Pitcher
Jesús Sánchez,HOU,-0.10183462205152133,9.490826889742394,Hitter
Jason Foley,SFG,0.274646502511557,9.373232512557784,Pitcher
Johan Oviedo,BOS,0.2451625147957106,9.225812573978553,Pitcher
Francisco Alvarez,NYM,-0.19975565406832174,9.001221729658392,Hitter
Brant Hurter,DET,0.1649137240483498,8.824568620241749,Pitcher
Rhys Hoskins,,-0.2376143366128574,8.811928316935713,Hitter
Erik Miller,SFG,0.1573996903219802,8.7869984516099,Pitcher
Ryan Thompson,ARI,0.1340719796474395,8.670359898237198,Pitcher
Tyler Wells,BAL,0.1201216435335366,8.600608217667682,Pitcher
Isaac Collins,KCR,-0.2907496428516111,8.546251785741944,Hitter
Griffin Canning,,0.09994066372123755,8.499703318606187,Pitcher
Tim Herrin,CLE,0.07799545707483914,8.389977285374195,Pitcher
Andrew Vaughn,MIL,-0.3361807600837825,8.319096199581088,Hitter
Yennier Cano,BAL,0.040224708466891135,8.201123542334456,Pitcher
Kody Funderburk,MIN,0.01933836145044915,8.096691807252245,Pitcher
Kevin Kelly,TBR,0.015337460070118158,8.07668730035059,Pitcher
Davis Martin,CHW,0.012297104100853273,8.061485520504267,Pitcher
Ke'Bryan Hayes,CIN,-0.38819720775052413,8.059013961247379,Hitter
Andre Pallante,STL,0.011468296229095287,8.057341481145476,Pitcher
Brett Baty,NYM,-0.39517402859082407,8.02412985704588,Hitter
Jakob Junis,TEX,0.0025523496940628165,8.012761748470314,Pitcher
Wenceel Pérez,DET,-0.39905265483325,8.00473672583375,Hitter
Sean Newcomb,CHW,-0.006529311535683702,7.967353442321581,Pitcher
Julian Fernández,WSN,-0.008987201112763743,7.955063994436181,Pitcher
Brooks Lee,MIN,-0.4204989897127167,7.897505051436417,Hitter
Justin Wilson,,-0.023120267344358292,7.884398663278208,Pitcher
Kyle Teel,CHW,-0.4477898620297508,7.7610506898512455,Hitter
Tyler O'Neill,BAL,-0.45126995332382713,7.743650233380865,Hitter
Chase DeLauter,CLE,-0.451466281403048,7.74266859298476,Hitter
Hogan Harris,ATH,-0.05983689279422599,7.70081553602887,Pitcher
Brayan Rocchio,CLE,-0.4610439231648406,7.694780384175797,Hitter
Connor Norby,MIA,-0.46428533486226053,7.678573325688697,Hitter
Mason Montgomery,PIT,-0.06710940991249745,7.6644529504375125,Pitcher
Anthony Bender,MIA,-0.07441902523599428,7.627904873820029,Pitcher
Danny Coulombe,,-0.10520702231241852,7.473964888437908,Pitcher
Tyler Kinley,ATL,-0.11502690896654372,7.424865455167281,Pitcher
Logan Allen,CLE,-0.13889299179262737,7.305535041036864,Pitcher
Andrew Benintendi,CHW,-0.5465745757181335,7.267127121409333,Hitter
Tommy Nance,TOR,-0.1506214394139198,7.246892802930401,Pitcher
Ryan Weiss,HOU,-0.15539355852250555,7.223032207387472,Pitcher
J.T. Ginn,ATH,-0.17485792872790126,7.125710356360494,Pitcher
Grant Holmes,ATL,-0.19890176004321927,7.005491199783903,Pitcher
Connelly Early,BOS,-0.2384558534425703,6.807720732787148,Pitcher
Anthony Volpe,NYY,-0.6403273277184145,6.798363361407928,Hitter
Marcelo Mayer,BOS,-0.6616554458269728,6.691722770865136,Hitter
Mike Yastrzemski,ATL,-0.6748609780214442,6.62569510989278,Hitter
Jordan Romano,LAA,-0.28271785046996345,6.5864107476501825,Pitcher
Josh Smith,TEX,-0.6828333789201947,6.585833105399026,Hitter
Austin Wells,NYY,-0.6830670642965893,6.584664678517054,Hitter
Yainer Diaz,HOU,-0.6838420211049537,6.580789894475231,Hitter
Justin Slaten,BOS,-0.28531209606772956,6.573439519661353,Pitcher
Jordan Walker,STL,-0.7034938731004188,6.482530634497906,Hitter
Samuel Basallo,BAL,-0.7055037756470841,6.472481121764579,Hitter
Jake Meyers,HOU,-0.7114767942235913,6.4426160288820435,Hitter
Justin Topa,MIN,-0.32626665911528585,6.368666704423571,Pitcher
David Festa,MIN,-0.3316288546126437,6.341855726936782,Pitcher
José Caballero,NYY,-0.7434745720608471,6.282627139695764,Hitter
Aaron Ashby,MIL,-0.34721566835187967,6.263921658240601,Pitcher
Anthony Kay,CHW,-0.3520603124754905,6.239698437622547,Pitcher
Joe Boyle,TBR,-0.3528902199709175,6.235548900145412,Pitcher
Gavin Sheets,SDP,-0.7553563110005519,6.22321844499724,Hitter
Jose Quintana,,-0.37296950806648255,6.135152459667587,Pitcher
Sean Burke,CHW,-0.3754858670241443,6.122570664879278,Pitcher
J.T. Realmuto,PHI,-0.7959620205776756,6.020189897111622,Hitter
Payton Tolle,BOS,-0.41530655031934427,5.923467248403279,Pitcher
Brent Headrick,NYY,-0.41653549087708885,5.917322545614556,Pitcher
José Buttó,SFG,-0.4183958515853454,5.908020742073273,Pitcher
Mason Englert,TBR,-0.4497132257636476,5.751433871181762,Pitcher
Janson Junk,MIA,-0.4504935332185059,5.74753233390747,Pitcher
Braydon Fisher,TOR,-0.47644145146275485,5.617792742686226,Pitcher
Brandon Sproat,MIL,-0.4875699976238146,5.562150011880927,Pitcher
Jordan Wicks,CHC,-0.49707806907163266,5.514609654641837,Pitcher
Sawyer Gipson-Long,DET,-0.5061619676715974,5.469190161642013,Pitcher
Josh Jung,TEX,-0.9078643153387705,5.460678423306147,Hitter
Luis Gil,NYY,-0.5094414939378018,5.452792530310991,Pitcher
Brock Burke,CIN,-0.5163868901913383,5.418065549043309,Pitcher
Austin Hays,CHW,-0.9200774108375409,5.3996129458122955,Hitter
Jovani Morán,BOS,-0.5211222577591628,5.394388711204186,Pitcher
Luis Morales,ATH,-0.5488702239421317,5.255648880289342,Pitcher
Lance McCullers Jr.,HOU,-0.560117446964694,5.19941276517653,Pitcher
Brady Basso,ATH,-0.5609307319283852,5.195346340358074,Pitcher
Hoby Milner,CHC,-0.565026628463031,5.1748668576848456,Pitcher
Hunter Barco,PIT,-0.5733426782424274,5.133286608787863,Pitcher
Kyle Freeland,COL,-0.5837885464664552,5.081057267667724,Pitcher
Edouard Julien,COL,-0.9894509320840037,5.052745339579982,Hitter
Jake Bird,NYY,-0.5897507646655085,5.051246176672458,Pitcher
Calvin Faucher,MIA,-0.5949286923981227,5.025356538009387,Pitcher
Ryan Brasier,,-0.5985352732211255,5.007323633894372,Pitcher
John Schreiber,KCR,-0.61151201613557,4.942439919322149,Pitcher
Mark Vientos,NYM,-1.0426241068862445,4.786879465568777,Hitter
Jake Irvin,WSN,-0.6457787447987843,4.771106276006078,Pitcher
Garrett Mitchell,MIL,-1.0502555355558783,4.748722322220608,Hitter
Joe Jiménez,ATL,-0.6529881963082016,4.735059018458992,Pitcher
Adbert Alzolay,NYM,-0.6554105235772086,4.722947382113957,Pitcher
Miles Mikolas,,-0.6644641530568858,4.677679234715571,Pitcher
Tony Santillan,CIN,-0.677684964297748,4.611575178511259,Pitcher
Drey Jameson,ARI,-0.6905241049638069,4.547379475180966,Pitcher
Richard Fitts,STL,-0.7118016224194293,4.440991887902854,Pitcher
Jake Fraley,TBR,-1.1131163414933285,4.4344182925333575,Hitter
Coleman Crow,MIL,-0.7216949499475775,4.391525250262112,Pitcher
Connor Prielipp,MIN,-0.731247373384329,4.343763133078355,Pitcher
Tomoyuki Sugano,,-0.7320389815110654,4.3398050924446725,Pitcher
Christian Scott,NYM,-0.7420513091027825,4.2897434544860875,Pitcher
Patrick Sandoval,BOS,-0.7440917441911241,4.27954127904438,Pitcher
David Morgan,SDP,-0.7474757616084821,4.26262119195759,Pitcher
PJ Poulin,WSN,-0.7865330632766736,4.067334683616632,Pitcher
Jon Gray,,-0.7909878188199274,4.045060905900363,Pitcher
Jack Perkins,ATH,-0.8003922020171018,3.998038989914491,Pitcher
Brendon Little,TOR,-0.8008852260233862,3.995573869883069,Pitcher
Pavin Smith,ARI,-1.2066455211375375,3.9667723943123123,Hitter
Enyel De Los Santos,HOU,-0.8160507297097366,3.919746351451317,Pitcher
Eric Lauer,TOR,-0.828374867979559,3.858125660102205,Pitcher
Ha-Seong Kim,ATL,-1.2346395174862543,3.8268024125687283,Hitter
Jacob Latz,TEX,-0.8519972125600315,3.7400139371998424,Pitcher
Josh White,MIA,-0.8585855477492087,3.7070722612539564,Pitcher
Brock Stewart,LAD,-0.8678162596244283,3.6609187018778586,Pitcher
Matt Festa,CLE,-0.8725825329852321,3.637087335073839,Pitcher
Justin Hagenman,NYM,-0.8791977381262264,3.604011309368868,Pitcher
Andrew Alvarez,WSN,-0.8809771234675216,3.595114382662392,Pitcher
Tyler Freeman,COL,-1.2962380798515152,3.518809600742424,Hitter
Ryne Stanek,STL,-0.9418354227708121,3.290822886145939,Pitcher
Bo Naylor,CLE,-1.3441005415766702,3.2794972921166483,Hitter
Trevor Larnach,MIN,-1.3543460093853184,3.228269953073408,Hitter
Brenan Hanifee,DET,-0.9590216891664498,3.2048915541677507,Pitcher
JJ Wetherholt,STL,-1.36316021621397,3.18419891893015,Hitter
Casey Legumina,SEA,-0.9679225749160381,3.1603871254198097,Pitcher
Dauri Moreta,,-0.9723746440611316,3.1381267796943417,Pitcher
Wandy Peralta,SDP,-0.97925624909176,3.1037187545412,Pitcher
Colin Rea,CHC,-0.9812636105683104,3.093681947158448,Pitcher
Romy Gonzalez,BOS,-1.3904822142357174,3.047588928821413,Hitter
Brad Keller,PHI,-0.9952735186930102,3.023632406534949,Pitcher
Greg Weissert,BOS,-0.9967098559505945,3.016450720247027,Pitcher
Dietrich Enns,BAL,-1.002073142580096,2.98963428709952,Pitcher
Joel Payamps,ATL,-1.0222570289946522,2.8887148550267394,Pitcher
Grant Anderson,MIL,-1.0229293188968605,2.8853534055156977,Pitcher
C.J. Kayfus,CLE,-1.4433676123608437,2.783161938195782,Hitter
Ian Hamilton,ATL,-1.0488327567525126,2.7558362162374372,Pitcher
Dominic Canzone,SEA,-1.4533332753645762,2.733333623177119,Hitter
Brandon Eisert,CHW,-1.0590496870770203,2.7047515646148987,Pitcher
Carson Benge,NYM,-1.4787202123160148,2.606398938419926,Hitter
Ryan McMahon,NYY,-1.502644667097675,2.486776664511625,Hitter
Carson Williams,TBR,-1.5071305549170264,2.464347225414868,Hitter
Jake McCarthy,COL,-1.5250434833309234,2.3747825833453824,Hitter
Jalen Beeks,,-1.134718803481939,2.3264059825903045,Pitcher
Spencer Arrighetti,HOU,-1.1397656099031073,2.3011719504844637,Pitcher
Zach McKinstry,DET,-1.5430059852438163,2.2849700737809187,Hitter
Cody Bradford,TEX,-1.1553388663863986,2.223305668068007,Pitcher
Jesse Winker,,-1.5631659647061484,2.184170176469258,Hitter
Victor Robles,SEA,-1.5672500033781058,2.1637499831094704,Hitter
Ryan Fernandez,STL,-1.184606456358154,2.0769677182092305,Pitcher
Jonathan Bowlan,PHI,-1.1932606988161207,2.033696505919396,Pitcher
Jordan Montgomery,,-1.193716714245014,2.0314164287749303,Pitcher
Clarke Schmidt,NYY,-1.1976636480083027,2.0116817599584866,Pitcher
Craig Yoho,MIL,-1.2088341014642086,1.9558294926789568,Pitcher
Dylan Dodd,ATL,-1.2088648050308737,1.9556759748456312,Pitcher
Christian Moore,LAA,-1.616193584466934,1.9190320776653298,Hitter
Lane Thomas,KCR,-1.6220764962607783,1.8896175186961077,Hitter
Justin Lawrence,PIT,-1.231993556587156,1.8400322170642198,Pitcher
Keider Montero,DET,-1.2333410058345464,1.833294970827268,Pitcher
Gavin Lux,TBR,-1.6399308915362596,1.800345542318702,Hitter
Mick Abel,MIN,-1.2404895799730293,1.797552100134853,Pitcher
Mason Fluharty,TOR,-1.2476503688746419,1.7617481556267904,Pitcher
Luis García,NYM,-1.248584279286297,1.757078603568516,Pitcher
Tobias Myers,NYM,-1.2531042059130055,1.7344789704349726,Pitcher
Rob Zastryzny,MIL,-1.2597479059086947,1.7012604704565266,Pitcher
Nick Mears,KCR,-1.263696240273884,1.68151879863058,Pitcher
Justin Wrobleski,LAD,-1.268947848767736,1.6552607561613204,Pitcher
Taylor Clarke,ARI,-1.270649013482793,1.6467549325860347,Pitcher
Keaton Winn,SFG,-1.2708705802578375,1.6456470987108123,Pitcher
Cam Smith,HOU,-1.676409631108066,1.6179518444596699,Hitter
Erik Sabrowski,CLE,-1.2882674681379658,1.558662659310171,Pitcher
Emerson Hancock,SEA,-1.2894396605584368,1.5528016972078156,Pitcher
Elvis Alvarado,ATH,-1.303516701008854,1.4824164949557304,Pitcher
Pierce Johnson,CIN,-1.314364218211759,1.428178908941205,Pitcher
Jacob Webb,CHC,-1.3167494240895699,1.4162528795521503,Pitcher
Andrew Painter,PHI,-1.3375618539854561,1.3121907300727198,Pitcher
Owen Caissie,MIA,-1.7399405532168244,1.3002972339158774,Hitter
Colin Selby,BAL,-1.346337191523276,1.2683140423836203,Pitcher
Porter Hodge,CHC,-1.3569915911517014,1.2150420442414926,Pitcher
Javier Assad,CHC,-1.3714690269163343,1.1426548654183284,Pitcher
Isaac Mattson,PIT,-1.3770338100454869,1.114830949772566,Pitcher
Blaze Alexander,ARI,-1.8016701364324959,0.9916493178375205,Hitter
Austin Martin,MIN,-1.8187161727383103,0.9064191363084486,Hitter
Eric Orze,MIN,-1.4195807292280838,0.902096353859581,Pitcher
Patrick Corbin,,-1.4304162205455537,0.8479188972722316,Pitcher
Cooper Criswell,SEA,-1.4375136920709488,0.8124315396452557,Pitcher
Tyler Stephenson,CIN,-1.8392408819129558,0.8037955904352216,Hitter
DL Hall,MIL,-1.44582132693441,0.7708933653279502,Pitcher
Randy Vásquez,SDP,-1.4660572620316101,0.6697136898419496,Pitcher
Scott Barlow,,-1.4751041602019916,0.6244791989900413,Pitcher
Carter Jensen,KCR,-1.8783730385202715,0.6081348073986419,Hitter
Austin Warren,NYM,-1.4833602115901066,0.5831989420494672,Pitcher
Jack Dreyer,LAD,-1.5073141382107895,0.4634293089460524,Pitcher
Colton Gordon,HOU,-1.512170219505508,0.43914890247245975,Pitcher
Brooks Baldwin,CHW,-1.9148207691209076,0.4258961543954616,Hitter
Tyler Anderson,,-1.5151443983965402,0.424278008017299,Pitcher
Caleb Ferguson,CIN,-1.5162557604343805,0.4187211978280976,Pitcher
Hunter Dobbins,STL,-1.535522515982408,0.32238742008795995,Pitcher
Cristian Mena,ARI,-1.5555207504077324,0.2223962479613384,Pitcher
Stephen Kolek,KCR,-1.5658119592914872,0.170940203542564,Pitcher
Josh Sborz,TEX,-1.573939675008983,0.13030162495508524,Pitcher
Matt Gage,SFG,-1.581237511877442,0.09381244061279048,Pitcher
Bryce Eldridge,SFG,-1.9938062792335267,0.03096860383236688,Hitter
Yaramil Hiraldo,BAL,-1.5960426280621898,0.01978685968905136,Pitcher
Alex Lange,KCR,-1.6032596915030175,-0.01629845751508796,Pitcher
Gordon Graceffo,STL,-1.6063699532047413,-0.03184976602370604,Pitcher
Yoán Moncada,LAA,-2.0097833755233734,-0.04891687761686647,Hitter
Sammy Peralta,MIL,-1.610472945882069,-0.052364729410344424,Pitcher
Ryan Yarbrough,NYY,-1.6119136809406611,-0.059568404703306044,Pitcher
Alex Cobb,,-1.616100658351939,-0.08050329175969573,Pitcher
Easton McGee,MIL,-1.6166679284790897,-0.08333964239544756,Pitcher
Carlos Vargas,SEA,-1.6238235158604764,-0.11911757930238132,Pitcher
Luis Medina,ATH,-1.6295198528823,-0.14759926441150029,Pitcher
Hayden Harris,ATL,-1.6323564194360074,-0.161782097180037,Pitcher
Kyle Harrison,BOS,-1.6350908924053,-0.17545446202650083,Pitcher
Chris Paddack,,-1.6367088631673294,-0.183544315836647,Pitcher
Tyler Phillips,MIA,-1.647704614735321,-0.23852307367660508,Pitcher
Yohan Ramírez,PIT,-1.6548959828814822,-0.2744799144074115,Pitcher
Tristan Beck,SFG,-1.6683573702835504,-0.34178685141775134,Pitcher
Lake Bachar,MIA,-1.6919348378314567,-0.4596741891572833,Pitcher
José Urquidy,,-1.6999227023500292,-0.49961351175014634,Pitcher
Lourdes Gurriel Jr.,ARI,-2.110383684345929,-0.5519184217296456,Hitter
Richard Lovelady,WSN,-1.7216363747418395,-0.6081818737091975,Pitcher
Huascar Brazobán,NYM,-1.7339244647569192,-0.669622323784596,Pitcher
Yoendrys Gómez,TBR,-1.736838481845303,-0.6841924092265153,Pitcher
Mitchell Parker,WSN,-1.7550285249341504,-0.7751426246707513,Pitcher
Dylan Ross,NYM,-1.7622159123366927,-0.8110795616834636,Pitcher
Marcus Stroman,,-1.7673350735168887,-0.8366753675844443,Pitcher
Jimmy Herget,COL,-1.7700288170996996,-0.8501440854984974,Pitcher
Luisangel Acuña,CHW,-2.1819800040296355,-0.9099000201481786,Hitter
Nathaniel Lowe,,-2.186238049570229,-0.9311902478511449,Hitter
Logan O'Hoppe,LAA,-2.2046943103047214,-1.0234715515236061,Hitter
Tyler Alexander,TEX,-1.8048509901236545,-1.024254950618273,Pitcher
Hayden Wesneski,HOU,-1.807317048668105,-1.0365852433405252,Pitcher
Anthony Nunez,BAL,-1.8218852256655176,-1.1094261283275877,Pitcher
Justin Bruihl,STL,-1.8232049276565734,-1.116024638282866,Pitcher
Spencer Bivens,SFG,-1.838913672351874,-1.1945683617593694,Pitcher
Cole Henry,WSN,-1.864372047784376,-1.3218602389218788,Pitcher
Brady House,WSN,-2.2677161352576296,-1.3385806762881476,Hitter
Bryce Elder,ATL,-1.8819067939042962,-1.4095339695214815,Pitcher
Jonathan Pintaro,NYM,-1.883775689787025,-1.418878448935125,Pitcher
Evan Sisk,PIT,-1.8844747796844086,-1.4223738984220429,Pitcher
Jake Mangum,PIT,-2.28825595238538,-1.4412797619269,Hitter
Mike Vasil,CHW,-1.8974098829471204,-1.4870494147356013,Pitcher
Connor Brogdon,CLE,-1.8988916316375681,-1.4944581581878413,Pitcher
Kyle Wright,,-1.9003471603602675,-1.5017358018013383,Pitcher
Yuki Matsui,SDP,-1.9038624711994077,-1.5193123559970374,Pitcher
Michael Kelly,ATH,-1.9330694248872218,-1.6653471244361082,Pitcher
Mike Tauchman,,-2.337345037147699,-1.6867251857384957,Hitter
Denzel Clarke,ATH,-2.343862570600153,-1.7193128530007655,Hitter
Ryan Zeferjahn,LAA,-1.948452770569428,-1.74226385284714,Pitcher
Kyle Isbel,KCR,-2.352608166201172,-1.7630408310058598,Hitter
Jake Bauers,MIL,-2.352927349301085,-1.7646367465054258,Hitter
Colin Holderman,CLE,-1.9551337968891955,-1.7756689844459785,Pitcher
Bowden Francis,TOR,-1.9563723874220345,-1.7818619371101718,Pitcher
Alek Manoah,LAA,-1.957608165438651,-1.7880408271932549,Pitcher
Trevor McDonald,SFG,-1.9583626967002306,-1.7918134835011532,Pitcher
Rhett Lowder,CIN,-1.9596653975396006,-1.7983269876980028,Pitcher
Dillon Dingler,DET,-2.3820274594712414,-1.9101372973562079,Hitter
Miguel Andujar,,-2.383726687482209,-1.9186334374110459,Hitter
Graham Pauley,MIA,-2.3908492465736435,-1.9542462328682184,Hitter
Matt Pushard,STL,-1.9959460362858585,-1.979730181429293,Pitcher
Edgar Quero,CHW,-2.4020845764363035,-2.0104228821815173,Hitter
Paul Sewald,,-2.005143011167793,-2.0257150558389636,Pitcher
Cade Povich,BAL,-2.011797452574281,-2.0589872628714065,Pitcher
Paul Blackburn,NYY,-2.0295230366467725,-2.147615183233862,Pitcher
Luis Rengifo,,-2.441750704838639,-2.2087535241931953,Hitter
Tim Hill,NYY,-2.044562964203845,-2.2228148210192256,Pitcher
JJ Bleday,CIN,-2.464214879037715,-2.3210743951885764,Hitter
Michael Lorenzen,COL,-2.076821247550031,-2.3841062377501547,Pitcher
Bradgley Rodriguez,SDP,-2.090786173411874,-2.45393086705937,Pitcher
Zach Cole,HOU,-2.49402418812638,-2.470120940631899,Hitter
Cole Sulser,TBR,-2.0959802707717676,-2.479901353858839,Pitcher
Moisés Ballesteros,CHC,-2.517660867873453,-2.588304339367264,Hitter
José Leclerc,,-2.1239111849146313,-2.619555924573156,Pitcher
James McArthur,KCR,-2.1272297003159495,-2.636148501579747,Pitcher
Yariel Rodríguez,TOR,-2.131445358398038,-2.6572267919901904,Pitcher
Ryan Gusto,MIA,-2.136363218502103,-2.6818160925105143,Pitcher
Kohl Drake,ARI,-2.1432801408056297,-2.716400704028148,Pitcher
Nasim Nuñez,WSN,-2.547453283830674,-2.7372664191533698,Hitter
Bailey Falter,KCR,-2.154665191658125,-2.7733259582906253,Pitcher
Andrew Hoffmann,ARI,-2.1629767779726334,-2.814883889863168,Pitcher
Nick Gonzales,PIT,-2.5698902556329672,-2.8494512781648353,Hitter
Josiah Gray,WSN,-2.1794543819557513,-2.8972719097787554,Pitcher
Andrew Walters,CLE,-2.197087041741692,-2.985435208708461,Pitcher
José Fermin,LAA,-2.2004374381155367,-3.0021871905776827,Pitcher
Daniel Lynch IV,KCR,-2.212758493611913,-3.0637924680595656,Pitcher
Michel Otañez,TEX,-2.227813189213686,-3.1390659460684294,Pitcher
George Valera,CLE,-2.6349411968726337,-3.174705984363168,Hitter
Jacob Young,WSN,-2.639851300661964,-3.199256503309819,Hitter
Chase Silseth,LAA,-2.240011983585459,-3.2000599179272946,Pitcher
Davis Schneider,TOR,-2.648142379017228,-3.2407118950861395,Hitter
Mitch Spence,ATH,-2.2540220435053446,-3.2701102175267227,Pitcher
Reiver Sanmartin,SFG,-2.260033457819208,-3.3001672890960396,Pitcher
Nick Raquet,STL,-2.281583277085862,-3.40791638542931,Pitcher
Charlie Morton,,-2.318730377901257,-3.593651889506285,Pitcher
Tyler Ferguson,ATH,-2.3229346765389938,-3.614673382694969,Pitcher
Joel Peguero,SFG,-2.3234373771041206,-3.617186885520603,Pitcher
Sean Murphy,ATL,-2.7240094288184826,-3.620047144092414,Hitter
Germán Márquez,,-2.3264306506714005,-3.6321532533570036,Pitcher
Ron Marinaccio,SDP,-2.3324684685782295,-3.6623423428911472,Pitcher
Nathan Lukes,TOR,-2.742804147463417,-3.7140207373170853,Hitter
Thomas White,MIA,-2.3652506097343595,-3.8262530486717985,Pitcher
Tyler Locklear,ARI,-2.7712507967816165,-3.8562539839080827,Hitter
Cole Young,SEA,-2.7724360137754993,-3.862180068877496,Hitter
Kade Strowd,BAL,-2.374912913282876,-3.8745645664143815,Pitcher
Max Muncy,ATH,-2.7826177617438157,-3.9130888087190776,Hitter
Jonathan Cannon,CHW,-2.3913417145997755,-3.9567085729988776,Pitcher
Carson Kelly,CHC,-2.79199697378621,-3.95998486893105,Hitter
Andrew McCutchen,,-2.7973666860869764,-3.9868334304348814,Hitter
Victor Caratini,MIN,-2.8012749570947406,-4.006374785473703,Hitter
AJ Blubaugh,HOU,-2.4030778280059897,-4.015389140029949,Pitcher
Juan Mejia,COL,-2.4073411961862234,-4.036705980931117,Pitcher
Trent Thornton,CHC,-2.4122081769325012,-4.061040884662507,Pitcher
Carlos Rodriguez,MIL,-2.4243837643996264,-4.121918821998133,Pitcher
John King,,-2.434762321328002,-4.17381160664001,Pitcher
Ethan Roberts,CHC,-2.4379127917534893,-4.189563958767447,Pitcher
John Klein,MIN,-2.4398826542314405,-4.199413271157201,Pitcher
Craig Kimbrel,NYM,-2.442373568684415,-4.211867843422075,Pitcher
Kyle Nicolas,PIT,-2.4588850312625574,-4.294425156312787,Pitcher
Carlos Narváez,BOS,-2.8630511222094,-4.315255611047,Hitter
Travis Adams,MIN,-2.4640891154127225,-4.320445577063612,Pitcher
Steven Cruz,KCR,-2.4758036274232658,-4.379018137116329,Pitcher
Cole Winn,TEX,-2.484974850277526,-4.42487425138763,Pitcher
Kyle Hart,SDP,-2.4964226329727532,-4.482113164863765,Pitcher
Michael Conforto,,-2.90053179152486,-4.502658957624298,Hitter
Pierson Ohl,COL,-2.5060892348849513,-4.530446174424757,Pitcher
Tim Mayza,PHI,-2.522085750046833,-4.610428750234167,Pitcher
Kendry Rojas,MIN,-2.5300712014010314,-4.650356007005158,Pitcher
Patrick Bailey,SFG,-2.9320434907957713,-4.660217453978856,Hitter
JT Brubaker,SFG,-2.5323524735092082,-4.661762367546041,Pitcher
Heriberto Hernández,MIA,-2.9469914251392835,-4.734957125696418,Hitter
Gabriel Arias,CLE,-2.9634391177939894,-4.8171955889699465,Hitter
Hayden Birdsong,SFG,-2.5750692276863036,-4.875346138431517,Pitcher
Jordan Hicks,BOS,-2.5821892791795915,-4.910946395897957,Pitcher
Anthony Banda,LAD,-2.588566028314677,-4.942830141573385,Pitcher
Michael Kopech,,-2.5984365494537647,-4.992182747268824,Pitcher
Alek Thomas,ARI,-3.0040733978886562,-5.020366989443282,Hitter
Danny Jansen,TEX,-3.01348424882528,-5.0674212441264,Hitter
Kolby Allard,CLE,-2.6182271531298063,-5.091135765649032,Pitcher
Cade Gibson,MIA,-2.6184017983394616,-5.092008991697309,Pitcher
Joe Rock,TBR,-2.619356946972932,-5.096784734864659,Pitcher
Troy Taylor,SEA,-2.632690649467254,-5.163453247336269,Pitcher
Taijuan Walker,PHI,-2.655021273366648,-5.27510636683324,Pitcher
Luis Campusano,SDP,-3.0557188613289337,-5.278594306644669,Hitter
Gavin Stone,LAD,-2.656881163382704,-5.2844058169135195,Pitcher
Zack Kelly,BOS,-2.6654095428430984,-5.327047714215492,Pitcher
Luke Jackson,,-2.6684795991775068,-5.342397995887534,Pitcher
Kyle Hurt,LAD,-2.672947906911073,-5.3647395345553655,Pitcher
Yerry De los Santos,NYY,-2.6805762009361676,-5.402881004680838,Pitcher
Ty Adcock,SDP,-2.702814674111678,-5.514073370558391,Pitcher
Brandyn Garcia,ARI,-2.7074339714650364,-5.537169857325182,Pitcher
Adam Mazur,MIA,-2.725675776889758,-5.628378884448791,Pitcher
Rico Garcia,BAL,-2.7269251328229167,-5.6346256641145835,Pitcher
Zak Kent,TEX,-2.7372804493758434,-5.686402246879217,Pitcher
Griffin Conine,MIA,-3.1395388485683604,-5.697694242841802,Hitter
Ben Casparius,LAD,-2.7514660383032785,-5.757330191516392,Pitcher
Jaden Hill,COL,-2.7523513129842425,-5.761756564921212,Pitcher
Ryan Watson,BOS,-2.7743235474369476,-5.871617737184739,Pitcher
Austin Peterson,CLE,-2.7771872267157227,-5.885936133578614,Pitcher
Troy Johnston,COL,-3.185878708724391,-5.929393543621956,Hitter
Tommy Pham,,-3.1876040158561882,-5.938020079280941,Hitter
Michael Tonkin,MIN,-2.789812888511816,-5.949064442559081,Pitcher
Brandon Young,BAL,-2.8119036146532133,-6.059518073266066,Pitcher
Freddy Fermin,SDP,-3.2160153479668914,-6.080076739834457,Hitter
Starling Marte,,-3.216596875529569,-6.082984377647843,Hitter
Joey Wentz,ATL,-2.828116624772178,-6.140583123860891,Pitcher
Walker Buehler,,-2.8337345393959645,-6.168672696979822,Pitcher
George Soriano,WSN,-2.8389591319365346,-6.194795659682672,Pitcher
Nate Pearson,HOU,-2.8440872086366515,-6.220436043183257,Pitcher
Peyton Pallette,CLE,-2.860565956937159,-6.302829784685795,Pitcher
Brent Suter,,-2.8610685959717985,-6.305342979858992,Pitcher
Jedixson Paez,CHW,-2.8684219195317873,-6.342109597658936,Pitcher
Joe Ross,,-2.8694280166673485,-6.347140083336743,Pitcher
Kevin McGonigle,DET,-3.2752448918507744,-6.376224459253873,Hitter
Taylor Walls,TBR,-3.275577140476763,-6.377885702383814,Hitter
Andrew Chafin,,-2.8800589207401646,-6.400294603700823,Pitcher
Cody Laweryson,LAA,-2.887190957545423,-6.435954787727114,Pitcher
Joey Bart,PIT,-3.2982110946460264,-6.4910554732301335,Hitter
Nick Sandlin,LAA,-2.9034703534703388,-6.517351767351695,Pitcher
Carson Whisenhunt,SFG,-2.927190127294931,-6.635950636474655,Pitcher
Joey Lucchesi,,-2.927516553054033,-6.6375827652701656,Pitcher
Blade Tidwell,SFG,-2.9529765015928815,-6.764882507964408,Pitcher
Luinder Avila,KCR,-2.954122149440969,-6.770610747204845,Pitcher
Jackson Rutledge,WSN,-2.9711700751088355,-6.855850375544177,Pitcher
Alexis Díaz,TEX,-2.9879645133430324,-6.939822566715161,Pitcher
Jesse Scholtens,TBR,-3.0035252286079874,-7.017626143039937,Pitcher
Paxton Schultz,WSN,-3.0252780252962226,-7.1263901264811125,Pitcher
Robinson Ortiz,SEA,-3.0294548737817077,-7.147274368908539,Pitcher
Ricky Tiedemann,TOR,-3.0579947413154924,-7.289973706577463,Pitcher
Connor Phillips,CIN,-3.0662912586480973,-7.331456293240485,Pitcher
Jorge López,,-3.127534862966409,-7.637674314832044,Pitcher
Griff McGarry,WSN,-3.1347539704348604,-7.673769852174303,Pitcher
Jasson Domínguez,NYY,-3.5405296935683497,-7.7026484678417475,Hitter
Sam Moll,CIN,-3.1611431033249855,-7.805715516624927,Pitcher
Hunter Bigge,TBR,-3.1653651489200247,-7.826825744600123,Pitcher
Tommy Kahnle,,-3.1779799649754827,-7.889899824877414,Pitcher
Christopher Morel,MIA,-3.583586789954263,-7.917933949771314,Hitter
Dylan Smith,DET,-3.1903818070672028,-7.951909035336014,Pitcher
Andre Granillo,STL,-3.1947178709403055,-7.973589354701527,Pitcher
Rowdy Tellez,,-3.6019373556360414,-8.009686778180207,Hitter
Ty France,,-3.61252372957803,-8.062618647890151,Hitter
Caden Dana,LAA,-3.228229582398682,-8.14114791199341,Pitcher
Brennan Bernardino,COL,-3.238720919248407,-8.193604596242036,Pitcher
Lenyn Sosa,CHW,-3.646510387044419,-8.232551935222094,Hitter
Edgardo Henriquez,LAD,-3.2501568669218077,-8.250784334609037,Pitcher
Sung-Mun Song,SDP,-3.6870666382135626,-8.435333191067812,Hitter
Grant Holman,ATH,-3.2978285794498854,-8.489142897249426,Pitcher
Ryan Bergert,KCR,-3.30534158526259,-8.526707926312948,Pitcher
Tyler Gilbert,CHW,-3.3175912406784187,-8.587956203392093,Pitcher
Justyn-Henry Malloy,TBR,-3.7181160947199725,-8.590580473599864,Hitter
Kai-Wei Teng,HOU,-3.3215445539401336,-8.607722769700668,Pitcher
Scott Alexander,SFG,-3.3262083170825507,-8.631041585412753,Pitcher
Michael Petersen,MIA,-3.3354844218568247,-8.677422109284123,Pitcher
Josh Simpson,MIA,-3.3406795797183095,-8.703397898591547,Pitcher
Zach McCambley,PHI,-3.343910092249738,-8.719550461248687,Pitcher
Tanner Gordon,COL,-3.3517490075812075,-8.758745037906039,Pitcher
Tyler Austin,CHC,-3.7526485867339656,-8.76324293366983,Hitter
Rob Refsnyder,SEA,-3.7556434600138617,-8.778217300069308,Hitter
Sam Haggerty,TEX,-3.759293747008076,-8.796468735040378,Hitter
Max Lazar,PHI,-3.361262400654117,-8.806312003270584,Pitcher
Luis Perales,WSN,-3.361459854775446,-8.80729927387723,Pitcher
Gus Varland,WSN,-3.372220453272443,-8.861102266362217,Pitcher
Drew Thorpe,CHW,-3.38857646265228,-8.9428823132614,Pitcher
Jhostynxon Garcia,PIT,-3.8149696220145675,-9.074848110072836,Hitter
Bailey Horn,DET,-3.4205180051234363,-9.102590025617182,Pitcher
Roddery Muñoz,HOU,-3.424870407491735,-9.124352037458674,Pitcher
Jason Alexander,HOU,-3.4303628274296076,-9.151814137148037,Pitcher
Seth Halvorsen,COL,-3.4336079867281857,-9.168039933640927,Pitcher
Pedro Avila,CLE,-3.4364711970326107,-9.182355985163053,Pitcher
Grant Wolfram,BAL,-3.4428815478609076,-9.214407739304537,Pitcher
Chase Dollander,COL,-3.4615281340730264,-9.307640670365132,Pitcher
Carlos Santana,,-3.8778981444265934,-9.389490722132969,Hitter
Chad Green,,-3.4784154353974177,-9.392077176987087,Pitcher
Drew Smith,,-3.4921493864667292,-9.460746932333645,Pitcher
Will Klein,LAD,-3.5110144444210807,-9.555072222105402,Pitcher
Chris Devenski,PIT,-3.514710372958319,-9.573551864791593,Pitcher
Chris Murphy,CHW,-3.522193885214132,-9.61096942607066,Pitcher
Luke Raley,SEA,-3.927501653813815,-9.637508269069073,Hitter
Will Benson,CIN,-3.929880098866133,-9.649400494330663,Hitter
Beau Brieske,DET,-3.5937609647532893,-9.968804823766447,Pitcher
Austin Gomber,TEX,-3.614878171605995,-10.074390858029975,Pitcher
Daysbel Hernández,ATL,-3.617232939358294,-10.08616469679147,Pitcher
Tyler Samaniego,BOS,-3.6831747222809748,-10.415873611404873,Pitcher
Harry Ford,WSN,-4.085713758419073,-10.428568792095362,Hitter
Thairo Estrada,,-4.098661726859292,-10.493308634296458,Hitter
Rafael Montero,,-3.7067668354344843,-10.533834177172423,Pitcher
Zach Pop,PHI,-3.7133540962108205,-10.566770481054103,Pitcher
Gary Sánchez,,-4.114745482351668,-10.573727411758341,Hitter
Colt Emerson,SEA,-4.116084609280925,-10.580423046404626,Hitter
Steven Wilson,TBR,-3.7200873988818253,-10.600436994409126,Pitcher
Jonny DeLuca,TBR,-4.126603425875357,-10.633017129376782,Hitter
Welinton Herrera,COL,-3.7619651597810515,-10.809825798905258,Pitcher
Thomas Saggese,STL,-4.179742446054883,-10.898712230274413,Hitter
Juan Morillo,ARI,-3.799865028216672,-10.99932514108336,Pitcher
Chris Roycroft,STL,-3.8164705614250547,-11.082352807125275,Pitcher
Vaughn Grissom,LAA,-4.229447086450939,-11.147235432254696,Hitter
Duncan Davitt,CHW,-3.839937902097972,-11.199689510489858,Pitcher
Ryan Feltner,COL,-3.8519626713228075,-11.259813356614039,Pitcher
Mason Barnett,ATH,-3.864076812958467,-11.320384064792336,Pitcher
Nick Sogard,BOS,-4.287954008592827,-11.439770042964135,Hitter
Ben Williamson,SEA,-4.288894355215944,-11.44447177607972,Hitter
Angel Chivilli,NYY,-3.90518444144395,-11.52592220721975,Pitcher
Colin Poche,,-3.905720370475439,-11.528601852377193,Pitcher
Quinn Mathews,STL,-3.907301316080497,-11.536506580402484,Pitcher
Chase Shugart,PHI,-3.9157269340240783,-11.57863467012039,Pitcher
Gunnar Hoglund,ATH,-3.9176221416528003,-11.588110708264,Pitcher
Dane Myers,CIN,-4.375413807799017,-11.877069038995085,Hitter
Joey Estes,ATH,-3.9875679828002646,-11.937839914001323,Pitcher
Matt Waldron,SDP,-4.011617392274226,-12.058086961371128,Pitcher
Lou Trivino,,-4.025920481279427,-12.129602406397137,Pitcher
Jon Berti,,-4.4301089368309094,-12.150544684154546,Hitter
Colby Thomas,ATH,-4.454846780031969,-12.274233900159842,Hitter
RJ Petit,COL,-4.069460671349601,-12.347303356748007,Pitcher
Luis Curvelo,TEX,-4.069979764153111,-12.349898820765553,Pitcher
Carter Baumler,TEX,-4.072867693498859,-12.364338467494292,Pitcher
Doug Nikhazy,CLE,-4.080604673287755,-12.403023366438774,Pitcher
Brandan Bidois,PIT,-4.101728967459656,-12.50864483729828,Pitcher
Kaleb Ort,LAA,-4.105982272807475,-12.529911364037375,Pitcher
Tayler Saucedo,LAA,-4.123116024146727,-12.615580120733632,Pitcher
Kendall Graveman,,-4.134332196544844,-12.67166098272422,Pitcher
José Tena,WSN,-4.534565996618774,-12.67282998309387,Hitter
Trevor Williams,WSN,-4.137080723229094,-12.685403616145468,Pitcher
Cal Quantrill,TEX,-4.22362782186191,-13.11813910930955,Pitcher
Andrés Chaparro,WSN,-4.634192981161355,-13.170964905806777,Hitter
Austin Love,STL,-4.2399543357402525,-13.19977167870126,Pitcher
Miguel Amaya,CHC,-4.64589752485501,-13.229487624275048,Hitter
Ezequiel Duran,TEX,-4.671236837372238,-13.356184186861189,Hitter
Adrian Del Castillo,ARI,-4.682448180432549,-13.412240902162743,Hitter
Eduarniel Núñez,ATH,-4.289723853474824,-13.44861926737412,Pitcher
Mauricio Dubón,ATL,-4.690358024540321,-13.451790122701603,Hitter
Matt Vierling,DET,-4.700148037574571,-13.500740187872854,Hitter
T.J. McFarland,,-4.304017505880855,-13.520087529404279,Pitcher
Kyle Karros,COL,-4.706742788626767,-13.533713943133833,Hitter
Travis Bazzana,CLE,-4.7099095237791895,-13.549547618895946,Hitter
Zach Maxwell,CIN,-4.31813500839396,-13.5906750419698,Pitcher
Martín Pérez,ATL,-4.327041206886033,-13.635206034430166,Pitcher
Ryan Ritter,COL,-4.728534522130952,-13.642672610654756,Hitter
Ramón Urías,,-4.747727958420087,-13.738639792100432,Hitter
Otto Kemp,PHI,-4.771502722070808,-13.85751361035404,Hitter
Isiah Kiner-Falefa,,-4.787289903110828,-13.936449515554141,Hitter
Michael Massey,KCR,-4.807946051486325,-14.039730257431625,Hitter
Alek Jacob,SDP,-4.462770085203436,-14.313850426017183,Pitcher
Justin Turner,,-4.8655022080385155,-14.327511040192576,Hitter
Braxton Fulford,COL,-4.876796328737428,-14.38398164368714,Hitter
Jayden Murray,HOU,-4.491118874061788,-14.455594370308937,Pitcher
Yilber Díaz,ARI,-4.520762272021186,-14.603811360105933,Pitcher
Brandon Williamson,CIN,-4.524405165188982,-14.62202582594491,Pitcher
Dominic Smith,,-4.940060428835775,-14.700302144178874,Hitter
Javier Báez,DET,-4.980390505573807,-14.901952527869035,Hitter
Keegan Thompson,COL,-4.606236277707183,-15.031181388535913,Pitcher
Cade Winquest,NYY,-4.635863120655438,-15.179315603277189,Pitcher
River Ryan,LAD,-4.663497956641031,-15.317489783205154,Pitcher
Kody Clemens,MIN,-5.096395319807459,-15.481976599037296,Hitter
Randal Grichuk,,-5.116143713606936,-15.580718568034683,Hitter
Nick Fortes,TBR,-5.123294253945421,-15.616471269727104,Hitter
Juan Burgos,ARI,-4.743879281123201,-15.719396405616003,Pitcher
Pedro Pagés,STL,-5.150051703384598,-15.75025851692299,Hitter
Wilber Dotel,PIT,-4.756217001508767,-15.781085007543833,Pitcher
Blake Perkins,MIL,-5.163218764493419,-15.816093822467096,Hitter
Kyle Keller,,-4.763865447837131,-15.819327239185654,Pitcher
Keibert Ruiz,WSN,-5.18014208642901,-15.900710432145047,Hitter
Henry Davis,PIT,-5.188642625065281,-15.943213125326405,Hitter
Tyrone Taylor,NYM,-5.192189098748291,-15.960945493741455,Hitter
Adam Frazier,,-5.2044550556397216,-16.022275278198606,Hitter
Hunter Feduccia,TBR,-5.2052551462446175,-16.026275731223087,Hitter
Charlie Condon,COL,-5.249589685694808,-16.24794842847404,Hitter
Marc Church,TEX,-4.8602560670914405,-16.301280335457204,Pitcher
Everson Pereira,CHW,-5.26821704472787,-16.34108522363935,Hitter
Wilmer Flores,,-5.268933973809379,-16.344669869046893,Hitter
Amed Rosario,NYY,-5.283100833151021,-16.415504165755106,Hitter
Prelander Berroa,CHW,-4.905277945729794,-16.52638972864897,Pitcher
Angel Martínez,CLE,-5.318641712470473,-16.593208562352366,Hitter
Enrique Hernández,,-5.39008979819466,-16.9504489909733,Hitter
Mason Black,KCR,-5.020397105596492,-17.101985527982464,Pitcher
Jeremiah Jackson,BAL,-5.42854788749264,-17.142739437463202,Hitter
Robert Hassell III,WSN,-5.448021883087786,-17.24010941543893,Hitter
Julian Aguiar,CIN,-5.056703338730398,-17.28351669365199,Pitcher
Bryce Johnson,SDP,-5.522961662556229,-17.614808312781143,Hitter
Nick Castellanos,PHI,-5.535681696531832,-17.678408482659158,Hitter
Casey Schmitt,SFG,-5.576321562074948,-17.88160781037474,Hitter
Javier Sanoja,MIA,-5.583534647063298,-17.917673235316492,Hitter
Braden Nett,ATH,-5.2189230708225,-18.0946153541125,Pitcher
Abimelec Ortiz,WSN,-5.638708379610096,-18.193541898050476,Hitter
Alex Verdugo,,-5.660573950502526,-18.302869752512628,Hitter
Connor Wong,BOS,-5.672375050562687,-18.361875252813434,Hitter
Spencer Turnbull,,-5.278838298984913,-18.394191494924563,Pitcher
Chris Taylor,,-5.6878398034176385,-18.439199017088193,Hitter
Cody Freeman,TEX,-5.747056592134812,-18.73528296067406,Hitter
Dan Altavilla,MIN,-5.375871719526088,-18.87935859763044,Pitcher
Kyle Higashioka,TEX,-5.776856720010327,-18.88428360005164,Hitter
Bryse Wilson,PHI,-5.413858380114995,-19.069291900574974,Pitcher
Joe Mack,MIA,-5.8312000981774466,-19.156000490887234,Hitter
Oswald Peraza,LAA,-5.846761241703736,-19.23380620851868,Hitter
Wade Miley,,-5.480999541640656,-19.40499770820328,Pitcher
Mitch Garver,,-5.883692902076753,-19.418464510383764,Hitter
Ryan Harbin,PIT,-5.513658308060105,-19.568291540300525,Pitcher
David Fry,CLE,-5.933106218778471,-19.665531093892355,Hitter
Hunter Strickland,,-5.550047189877882,-19.750235949389406,Pitcher
Chase Petty,CIN,-5.597014644555434,-19.985073222777167,Pitcher
Sean Sullivan,COL,-5.614062759759985,-20.070313798799926,Pitcher
Jose Trevino,CIN,-6.075033603535969,-20.375168017679847,Hitter
McCade Brown,COL,-5.69294760008732,-20.464738000436597,Pitcher
Wikelman González,CHW,-5.723575652044794,-20.617878260223968,Pitcher
Luis Torrens,NYM,-6.148793575961621,-20.743967879808103,Hitter
Zach Agnos,COL,-5.765444937626193,-20.827224688130965,Pitcher
Jose Iglesias,,-6.293892623532342,-21.46946311766171,Hitter
Orlando Ribalta,WSN,-5.913448897224917,-21.567244486124586,Pitcher
Bryce Teodosio,LAA,-6.458543018479938,-22.29271509239969,Hitter
Triston McKenzie,SDP,-6.0720681351504355,-22.360340675752177,Pitcher
Luis Guerrero,TBR,-6.10427950988273,-22.52139754941365,Pitcher
Gabriel Hughes,COL,-6.199509349093167,-22.997546745465833,Pitcher
Cam Sanders,PIT,-6.228129386990278,-23.14064693495139,Pitcher
Luis Mey,CIN,-6.3955649933022976,-23.977824966511488,Pitcher
James McCann,ARI,-6.8317429299919965,-24.158714649959983,Hitter
Travis d'Arnaud,LAA,-6.86807049323135,-24.34035246615675,Hitter
Jonah Heim,,-7.053468762620467,-25.267343813102336,Hitter
Christian Vázquez,,-7.256888491100771,-26.28444245550385,Hitter
Antonio Senzatela,COL,-6.873937222031396,-26.369686110156977,Pitcher
Jeimer Candelario,,-7.322090680872256,-26.61045340436128,Hitter
Sam Aldegheri,LAA,-7.055738704391216,-27.27869352195608,Pitcher
Alexander Alberto,CHW,-7.195763021602458,-27.97881510801229,Pitcher
Carson Palmquist,COL,-7.256556413977748,-28.28278206988874,Pitcher
Lucas Sims,CHW,-8.157257267488056,-32.78628633744028,Pitcher
Luis Peralta,COL,-8.420733032178209,-34.10366516089104,Pitcher
