Name,Team,total_sgp,dollar_value,player_type,rank,overall_rank
Aaron Judge,NYY,44.19112337662338,24.100523207770927,Hitter,1,1
Juan Soto,NYM,42.46486832611833,23.159075090404517,Hitter,2,2
Shohei Ohtani,LAD,38.97284632034632,21.254630239005365,Hitter,3,3
Ronald Acuña Jr.,ATL,37.0399347041847,20.20047778248475,Hitter,4,4
Yordan Alvarez,HOU,31.480861832611836,17.168724920870382,Hitter,5,5
Vladimir Guerrero Jr.,TOR,31.15697510822511,16.99208674285338,Hitter,6,6
Kyle Tucker,LAD,30.739432900432902,16.764371652124478,Hitter,7,7
Fernando Tatis Jr.,SDP,27.598732683982686,15.0515272464706,Hitter,8,8
Bryce Harper,PHI,27.0324917027417,14.742716271169432,Hitter,9,9
Corbin Carroll,ARI,26.266565656565664,14.325003005679863,Hitter,10,10
Freddie Freeman,LAD,26.24909199134199,14.315473388823127,Hitter,11,11
Gunnar Henderson,BAL,26.18055663780664,14.278096247166092,Hitter,12,12
Geraldo Perdomo,ARI,25.797994588744594,14.069458293718874,Hitter,13,13
José Ramírez,CLE,25.701718975468985,14.016952440171856,Hitter,14,14
Bobby Witt Jr.,KCR,25.43589682539683,13.871980952519147,Hitter,15,15
Roman Anthony,BOS,25.002711760461757,13.635734713161265,Hitter,16,16
Kyle Schwarber,PHI,24.70293434343435,13.472245033691914,Hitter,17,17
Yandy Díaz,TBR,24.554700216450215,13.391402553469865,Hitter,18,18
Mookie Betts,LAD,24.309267316017312,13.257550755622999,Hitter,19,19
Ketel Marte,ARI,24.258961038961033,13.230115209634304,Hitter,20,20
Elly De La Cruz,CIN,24.023011544011542,13.101435378835975,Hitter,21,21
James Wood,WSN,23.951600649350645,13.062490002648207,Hitter,22,22
Nick Kurtz,ATH,23.828412337662346,12.995306764524406,Hitter,23,23
Wyatt Langford,TEX,23.382907647907643,12.752341768520623,Hitter,24,24
Iván Herrera,STL,23.24090981240981,12.67490037603321,Hitter,25,25
Rafael Devers,SFG,22.533908730158732,12.289323031789348,Hitter,26,26
William Contreras,MIL,22.12422871572872,12.065895747278327,Hitter,27,27
Pete Alonso,BAL,21.890754689754694,11.93856596356943,Hitter,28,28
Francisco Lindor,NYM,21.792682539682534,11.8850803323329,Hitter,29,29
Brent Rooker,ATH,21.655261544011545,11.810135012043629,Hitter,30,30
Luke Keaschall,MIN,21.23970274170275,11.583501611623342,Hitter,31,31
Corey Seager,TEX,21.231505772005768,11.57903122835809,Hitter,32,32
Matt Olson,ATL,21.169071789321794,11.544981592737726,Hitter,33,33
Julio Rodríguez,SEA,21.089571067821073,11.50162426580957,Hitter,34,34
Nolan Schanuel,LAA,20.631195887445884,11.251640087350278,Hitter,35,35
Jonathan Aranda,TBR,20.620136002886,11.24560835554208,Hitter,36,36
Steven Kwan,CLE,20.571232683982686,11.21893794116674,Hitter,37,37
Christian Yelich,MIL,20.154475468975466,10.991650962135095,Hitter,38,38
George Springer,TOR,20.047102453102454,10.933092915559053,Hitter,39,39
Munetaka Murakami,CHW,19.775752164502165,10.785106545714786,Hitter,40,40
Jurickson Profar,ATL,19.74677994227995,10.769305958160215,Hitter,41,41
Trea Turner,PHI,19.68911111111111,10.737855094327122,Hitter,42,42
Mike Trout,LAA,19.54770779220779,10.660737933492781,Hitter,43,43
Gleyber Torres,DET,19.22745851370852,10.48608351018327,Hitter,44,44
Cal Raleigh,SEA,19.159415223665228,10.448974725307053,Hitter,45,45
Ian Happ,CHC,19.086503607503605,10.409210900286284,Hitter,46,46
Zach Neto,LAA,19.011974747474753,10.368565078602462,Hitter,47,47
Willson Contreras,BOS,18.97520490620491,10.348511901738924,Hitter,48,48
Will Smith,LAD,18.951984487734485,10.33584817673082,Hitter,49,49
Spencer Horwitz,PIT,18.90025468975469,10.307636284805827,Hitter,50,50
Seiya Suzuki,CHC,18.791659090909096,10.248411477870404,Hitter,51,51
Xavier Edwards,MIA,18.742902958152953,10.221821334438292,Hitter,52,52
Junior Caminero,TBR,18.73313275613275,10.216492957095953,Hitter,53,53
Matt Chapman,SFG,18.591850649350654,10.139441901744283,Hitter,54,54
Randy Arozarena,SEA,18.54062049062049,10.111502498192772,Hitter,55,55
Alex Bregman,CHC,18.359854256854256,10.012917975347872,Hitter,56,56
Michael Busch,CHC,18.354977994227994,10.010258606868147,Hitter,57,57
Josh Naylor,SEA,18.204688672438675,9.928295284578413,Hitter,58,58
Brendan Donovan,STL,18.138755411255413,9.892337246631095,Hitter,59,59
Nico Hoerner,CHC,17.918597402597396,9.772269622375,Hitter,60,60
Maikel Garcia,KCR,17.917541847041853,9.771693953796795,Hitter,61,61
Max Muncy,LAD,17.811879509379516,9.714068860193368,Hitter,62,62
Bo Bichette,NYM,17.656663059163066,9.62941842873029,Hitter,63,63
Riley Greene,DET,17.55431637806637,9.573601595517264,Hitter,64,64
Jazz Chisholm Jr.,NYY,17.550264430014433,9.57139178366817,Hitter,65,65
Jakob Marsee,MIA,17.3129898989899,9.4419893176382,Hitter,66,66
Brice Turang,MIL,17.302569264069263,9.436306213554058,Hitter,67,67
Chase Meidroth,CHW,17.294395382395386,9.431848421809324,Hitter,68,68
Alejandro Kirk,TOR,17.03838744588745,9.292229314084924,Hitter,69,69
Gabriel Moreno,ARI,17.01844624819624,9.281353978473927,Hitter,70,70
Jose Altuve,HOU,17.003028138528133,9.272945400427396,Hitter,71,71
Jacob Wilson,ATH,16.892866522366525,9.212866534265038,Hitter,72,72
Isaac Paredes,HOU,16.66201370851371,9.086966281618778,Hitter,73,73
Lars Nootbaar,STL,16.655759018759024,9.083555160016244,Hitter,74,74
TJ Friedl,CIN,16.601832251082254,9.054145106217938,Hitter,75,75
Cody Bellinger,NYY,16.526018037518043,9.012798290978347,Hitter,76,76
Jackson Chourio,MIL,16.42632647907648,8.95842948262371,Hitter,77,77
Tyler Freeman,COL,16.349954906204907,8.916778700209363,Hitter,78,78
Drake Baldwin,ATL,16.29366774891775,8.886081360181656,Hitter,79,79
Marcell Ozuna,,16.279851010101016,8.87854612212784,Hitter,80,80
Taylor Ward,BAL,16.174985209235214,8.821355435981928,Hitter,81,81
Caleb Durbin,MIL,16.140652236652244,8.802631254759476,Hitter,82,82
Luis Arraez,SFG,16.088378427128422,8.774122675132512,Hitter,83,83
Adley Rutschman,BAL,16.07224098124098,8.765321792525166,Hitter,84,84
Manny Machado,SDP,16.047253246753247,8.751694225970708,Hitter,85,85
Jeff McNeil,ATH,16.020213924963922,8.736947784773633,Hitter,86,86
Oneil Cruz,PIT,15.972369769119773,8.710855006401584,Hitter,87,87
Ben Rice,NYY,15.938292207792207,8.692270118874744,Hitter,88,88
Pete Crow-Armstrong,CHC,15.927849927849927,8.686575210240127,Hitter,89,89
Brandon Nimmo,TEX,15.852163780663787,8.645298238590856,Hitter,90,90
Jackson Holliday,BAL,15.698125901875903,8.561290564901189,Hitter,91,91
Ryan O'Hearn,PIT,15.640531024531022,8.529880033282224,Hitter,92,92
Bryson Stott,PHI,15.592870490620491,8.503887396846709,Hitter,93,93
Mason Miller,SDP,45.56796666666668,8.468152079023032,Pitcher,1,94
Jesse Winker,,15.478422077922085,8.441470639462588,Hitter,94,95
Tarik Skubal,DET,45.298683333333344,8.418109639436166,Pitcher,2,96
Jarren Duran,BOS,15.4130505050505,8.405818929600114,Hitter,95,97
Austin Riley,ATL,15.382222943722942,8.389006495327244,Hitter,96,98
Jeremy Peña,HOU,15.36478968253968,8.379498913631402,Hitter,97,99
Vinnie Pasquantino,KCR,15.304831890331892,8.346799718585482,Hitter,98,100
Willy Adames,SFG,15.267717532467525,8.326558652626863,Hitter,99,101
Wilyer Abreu,BOS,15.145917748917746,8.26013267641609,Hitter,100,102
Kazuma Okamoto,TOR,14.92492388167388,8.13960919976912,Hitter,101,103
Edouard Julien,COL,14.924305916305919,8.139272179853034,Hitter,102,104
Alec Burleson,STL,14.917473665223664,8.135546073495297,Hitter,103,105
Xander Bogaerts,SDP,14.878561327561329,8.114324442877148,Hitter,104,106
Spencer Torkelson,DET,14.850413780663779,8.098973608695704,Hitter,105,107
Matt Wallner,MIN,14.792941197691194,8.06762977278693,Hitter,106,108
Willi Castro,COL,14.729210678210679,8.032873044593051,Hitter,107,109
Byron Buxton,MIN,14.722225468975468,8.02906351941195,Hitter,108,110
Josh Bell,MIN,14.654854617604613,7.99232146257052,Hitter,109,111
Dylan Beavers,BAL,14.651736652236657,7.9906210170744645,Hitter,110,112
Sal Stewart,CIN,14.628141053391058,7.977752679858116,Hitter,111,113
Chandler Simpson,TBR,14.590851370851372,7.957415997040646,Hitter,112,114
CJ Abrams,WSN,14.548845598845606,7.9345072994169765,Hitter,113,115
Joc Pederson,TEX,14.530977994227989,7.924762839741576,Hitter,114,116
Sal Frelick,MIL,14.384405122655117,7.844826358768561,Hitter,115,117
Tyler Soderstrom,ATH,14.364288239538237,7.8338552095562095,Hitter,116,118
Austin Martin,MIN,14.341187229437232,7.82125660631824,Hitter,117,119
Heliot Ramos,SFG,14.331714646464647,7.816090541544945,Hitter,118,120
Trent Grisham,NYY,14.316900432900432,7.808011310456692,Hitter,119,121
Jonathan India,KCR,14.263735209235215,7.7790165800926365,Hitter,120,122
Kyle Stowers,MIA,14.17054220779221,7.728191891275898,Hitter,121,123
Alec Bohm,PHI,14.105667388167387,7.692811095846853,Hitter,122,124
Jorge Polanco,NYM,14.049952380952385,7.66242578943673,Hitter,123,125
Jung Hoo Lee,SFG,14.047575396825394,7.6611294530519585,Hitter,124,126
Evan Carter,TEX,13.986939754689747,7.628060578833628,Hitter,125,127
Isaac Collins,KCR,13.938275252525257,7.601520407998543,Hitter,126,128
J.P. Crawford,SEA,13.910658008658013,7.586458785303763,Hitter,127,129
Jackson Merrill,SDP,13.882871212121211,7.5713046936302515,Hitter,128,130
Miguel Vargas,CHW,13.821954545454549,7.538082556998248,Hitter,129,131
Jake Cronenworth,SDP,13.812458874458873,7.532903900704443,Hitter,130,132
Jordan Westburg,BAL,13.673870129870135,7.457321724916995,Hitter,131,133
Jared Triolo,PIT,13.604961760461764,7.4197411515067575,Hitter,132,134
Justin Crawford,PHI,13.572273809523805,7.401914116120472,Hitter,133,135
Brandon Marsh,PHI,13.467308802308805,7.344669325784883,Hitter,134,136
Trevor Story,BOS,13.463924963924963,7.342823881060474,Hitter,135,137
Colt Keith,DET,13.4419678932179,7.33084914831516,Hitter,136,138
Bryan Reynolds,PIT,13.348078643578642,7.279644746458109,Hitter,137,139
Carlos Correa,HOU,13.323704545454543,7.266351838909642,Hitter,138,140
Justyn-Henry Malloy,TBR,13.197526334776338,7.197537998880092,Hitter,139,141
Paul Skenes,PIT,38.71334523809524,7.194319144455553,Pitcher,3,142
JJ Wetherholt,STL,13.170586940836948,7.182846055357719,Hitter,140,143
Kyle Teel,CHW,13.170408008658,7.182748471073777,Hitter,141,144
Garrett Crochet,BOS,38.60175000000001,7.173580772379441,Pitcher,4,145
Kyle Manzardo,CLE,13.148534992784992,7.170819579332811,Hitter,142,146
Luis Robert Jr.,NYM,13.112554112554115,7.151196678334123,Hitter,143,147
Lawrence Butler,ATH,13.028821067821072,7.105531168302904,Hitter,144,148
Matt McLain,CIN,12.855269480519475,7.0108812988741445,Hitter,145,149
Ryan Jeffers,MIN,12.755940115440122,6.956710019997481,Hitter,146,150
Gavin Lux,TBR,12.645687590187595,6.896581574723119,Hitter,147,151
Teoscar Hernández,LAD,12.599524170274178,6.871405419695526,Hitter,148,152
Cade Smith,CLE,36.85063095238095,6.848160449980911,Pitcher,5,153
Jo Adell,LAA,12.543290043290044,6.840737000816481,Hitter,149,154
Jake McCarthy,COL,12.50705952380952,6.8209779540022994,Hitter,150,155
Jhoan Duran,PHI,36.596523809523816,6.800938287407343,Pitcher,6,156
Colton Cowser,BAL,12.462560606060602,6.796709568906305,Hitter,151,157
Spencer Steer,CIN,12.423409812409815,6.775357891490415,Hitter,152,158
Otto Lopez,MIA,12.38679761904762,6.755390691102843,Hitter,153,159
Josh Smith,TEX,12.347234487734491,6.733814137000384,Hitter,154,160
Edwin Díaz,LAD,36.13816666666666,6.715759196125656,Pitcher,7,161
Konnor Griffin,PIT,12.291799422799421,6.7035815027764105,Hitter,155,162
Daylen Lile,WSN,12.23781313131313,6.674138986464297,Hitter,156,163
Dylan Crews,WSN,12.123376623376625,6.611728721582936,Hitter,157,164
Dansby Swanson,CHC,12.093795093795094,6.595595835932461,Hitter,158,165
Ceddanne Rafaela,BOS,12.090909090909092,6.594021895869001,Hitter,159,166
Adolis García,PHI,12.032467532467532,6.562149609583919,Hitter,160,167
Pavin Smith,ARI,11.992154761904768,6.5401642245499785,Hitter,161,168
Paul Goldschmidt,,11.943247835497843,6.5134918427495565,Hitter,162,169
Andy Pages,LAD,11.922846681096681,6.502365660440948,Hitter,163,170
Daulton Varsho,TOR,11.871572871572873,6.4744024510459806,Hitter,164,171
Marcus Semien,NYM,11.778254689754696,6.423509492578995,Hitter,165,172
Michael Harris II,ATL,11.743145743145742,6.404362118221974,Hitter,166,173
Nathaniel Lowe,,11.686150072150067,6.373278375908685,Hitter,167,174
Jac Caglianone,KCR,11.622740620490617,6.338696748546865,Hitter,168,175
Ozzie Albies,ATL,11.596721500721502,6.324506695162229,Hitter,169,176
Ha-Seong Kim,ATL,11.558661616161618,6.303749967090324,Hitter,170,177
Eugenio Suárez,,11.52958152958153,6.287890553525876,Hitter,171,178
Shea Langeliers,ATH,11.519192279942276,6.282224566039923,Hitter,172,179
Andrés Giménez,TOR,11.464669191919194,6.252489296876009,Hitter,173,180
Brenton Doyle,COL,11.429292929292929,6.233196136320613,Hitter,174,181
Chris Sale,ATL,33.32311904761906,6.192623030710036,Pitcher,8,182
Andrés Muñoz,SEA,33.136273809523814,6.157900527004616,Pitcher,9,183
Victor Scott II,STL,11.22005772005772,6.119085481719706,Hitter,175,184
Josh Hader,HOU,32.37839285714286,6.017059238002107,Pitcher,10,185
Griffin Jax,TBR,32.316011904761915,6.005466634025274,Pitcher,11,186
Jordan Beck,COL,10.98171933621933,5.98910282203384,Hitter,176,187
Hunter Goodman,COL,10.917027417027418,5.953821775056323,Hitter,177,188
Bryan Woo,SEA,32.02557142857143,5.951492443333899,Pitcher,12,189
Mike Tauchman,,10.896639610389617,5.942702872220515,Hitter,178,190
Noelvi Marte,CIN,10.740259740259742,5.857417946169349,Hitter,179,191
Nathan Lukes,TOR,10.732894660894654,5.853401251127393,Hitter,180,192
Trevor Larnach,MIN,10.667265873015872,5.817609263856774,Hitter,181,193
Ezequiel Tovar,COL,10.664502164502165,5.816102019503503,Hitter,182,194
Christian Walker,HOU,10.630591630591631,5.797608223757838,Hitter,183,195
Royce Lewis,MIN,10.567821067821068,5.763375027377566,Hitter,184,196
Devin Williams,NYM,31.004857142857148,5.761807354598466,Pitcher,13,197
Colson Montgomery,CHW,10.519480519480519,5.7370115313145975,Hitter,185,198
Josh Lowe,LAA,10.518689393939402,5.736580074994706,Hitter,186,199
Mike Yastrzemski,ATL,10.514797258297254,5.734457420076614,Hitter,187,200
Masyn Winn,STL,10.49825036075036,5.725433234722764,Hitter,188,201
Kerry Carpenter,DET,10.492787518037515,5.722453962925139,Hitter,189,202
Jacob deGrom,TEX,30.72601190476191,5.709987972356222,Pitcher,14,203
Logan Gilbert,SEA,30.631214285714286,5.6923711965036405,Pitcher,15,204
Logan Webb,SFG,30.481476190476197,5.664544522301235,Pitcher,16,205
Aroldis Chapman,BOS,30.355357142857155,5.641107108841204,Pitcher,17,206
Ramón Laureano,SDP,10.329547619047624,5.633427781343134,Hitter,190,207
David Bednar,NYY,30.2217380952381,5.616275928109146,Pitcher,18,208
Kevin McGonigle,DET,10.274933621933627,5.603642933067218,Hitter,191,209
Chase DeLauter,CLE,10.212988095238098,5.5698596868025865,Hitter,192,210
Yoshinobu Yamamoto,LAD,29.970619047619053,5.569609060115384,Pitcher,19,211
Jake Burger,TEX,10.194805194805197,5.559943274175259,Hitter,193,212
Cristopher Sánchez,PHI,29.598785714285718,5.5005091760290465,Pitcher,20,213
Tyler O'Neill,BAL,10.083828643578649,5.499419966687479,Hitter,194,214
Anthony Santander,TOR,10.072150072150071,5.493050821478174,Hitter,195,215
Luis García Jr.,WSN,10.06026154401154,5.486567172129254,Hitter,196,216
Salvador Perez,KCR,10.045454545454547,5.478491875891163,Hitter,197,217
Jake Meyers,HOU,9.948117604617604,5.425407205885803,Hitter,198,218
Jake Fraley,TBR,9.941617604617612,5.421862299377878,Hitter,199,219
Addison Barger,TOR,9.864062409812414,5.379566004795002,Hitter,200,220
Zack Wheeler,PHI,28.916761904761906,5.373764847435006,Pitcher,21,221
George Kirby,SEA,28.902642857142865,5.371141025237198,Pitcher,22,222
Francisco Alvarez,NYM,9.8217334054834,5.356481025884218,Hitter,201,223
Brandon Lowe,PIT,9.738095238095237,5.3108672591325865,Hitter,202,224
Davis Schneider,TOR,9.654673520923527,5.265371537885717,Hitter,203,225
Cedric Mullins,TBR,9.614718614718615,5.243581321419639,Hitter,204,226
Rhys Hoskins,,9.611475468975474,5.241812606273327,Hitter,205,227
Brett Baty,NYM,9.531149350649352,5.198005132487021,Hitter,206,228
Hunter Greene,CIN,27.909559523809534,5.186590752118221,Pitcher,23,229
Cole Ragans,KCR,27.90634523809524,5.185993423287352,Pitcher,24,230
Moisés Ballesteros,CHC,9.49130519480519,5.176275315970877,Hitter,207,231
C.J. Kayfus,CLE,9.480573593073593,5.170422619844902,Hitter,208,232
Hunter Harvey,CHC,27.816095238095237,5.169221757113998,Pitcher,25,233
Ernie Clement,TOR,9.457431457431458,5.157801587961025,Hitter,209,234
Jesús Sánchez,HOU,9.453414862914858,5.155611056877701,Hitter,210,235
Hunter Brown,HOU,27.63365476190477,5.135317815139769,Pitcher,26,236
Spencer Schwellenbach,ATL,27.603285714285718,5.129674163852574,Pitcher,27,237
Andrew Benintendi,CHW,9.396644660894655,5.12465027863187,Hitter,211,238
Max Fried,NYY,27.537083333333342,5.11737140226571,Pitcher,28,239
Joey Ortiz,MIL,9.333333333333334,5.090122165232211,Hitter,212,240
Jorge Soler,LAA,9.326639971139967,5.086471804740027,Hitter,213,241
Harrison Bader,SFG,9.30952380952381,5.07713715970866,Hitter,214,242
Mickey Moniak,COL,9.280663780663781,5.061397759074052,Hitter,215,243
Tommy Edman,LAD,9.258297258297258,5.04919972358223,Hitter,216,244
Edgar Quero,CHW,9.25562987012987,5.047745009478576,Hitter,217,245
José Caballero,NYY,9.24914718614718,5.044209546611024,Hitter,218,246
Carson Benge,NYM,9.222257215007218,5.029544556812241,Hitter,219,247
Garrett Mitchell,MIL,9.175338383838385,5.003956422973035,Hitter,220,248
Nolan Gorman,STL,9.1017316017316,4.963813475139482,Hitter,221,249
Bryan Abreu,HOU,26.667738095238107,4.955816076806124,Pitcher,29,250
Agustín Ramírez,MIA,9.057720057720058,4.939810889171705,Hitter,222,251
Parker Meadows,DET,9.055555555555555,4.938630434124109,Hitter,223,252
Ryan Walker,SFG,26.5192380952381,4.92821948482005,Pitcher,30,253
Joe Ryan,MIN,26.456571428571436,4.916573784947141,Pitcher,31,254
Andrew McCutchen,,9.004529942279945,4.9108025835746,Hitter,224,255
Carter Jensen,KCR,9.004034632034632,4.910532456111207,Hitter,225,256
Jeff Hoffman,TOR,26.23588095238096,4.875561629885588,Pitcher,32,257
Anthony Volpe,NYY,8.93867243867244,4.874885861553947,Hitter,226,258
Giancarlo Stanton,NYY,8.929292929292929,4.869770556347699,Hitter,227,259
Abner Uribe,MIL,26.08686904761905,4.8478699077523775,Pitcher,33,260
Owen Caissie,MIA,8.853304834054835,4.828328911219286,Hitter,228,261
Ke'Bryan Hayes,CIN,8.826839826839828,4.813895684094843,Hitter,229,262
Shohei Ohtani,LAD,25.69777380952381,4.7755621466113825,Pitcher,34,263
Joey Bart,PIT,8.698125901875903,4.74369894097703,Hitter,230,264
Jake Mangum,PIT,8.69189502164502,4.740300804380017,Hitter,231,265
Harry Ford,WSN,8.660870490620493,4.723380948697815,Hitter,232,266
Shane McClanahan,TBR,25.398904761904767,4.720021626985735,Pitcher,35,267
Brooks Lee,MIN,8.648629148629148,4.716704885176137,Hitter,233,268
Nolan Arenado,ARI,8.544733044733045,4.660043042891549,Hitter,234,269
Wenceel Pérez,DET,8.536075036075037,4.655321222701167,Hitter,235,270
Victor Caratini,MIN,8.535445526695533,4.654977907024827,Hitter,236,271
Connor Norby,MIA,8.452380952380953,4.609676960860804,Hitter,237,272
Raisel Iglesias,ATL,24.764107142857142,4.602053607547438,Pitcher,36,273
Tyler Locklear,ARI,8.405279220779228,4.583989078570079,Hitter,238,274
Austin Wells,NYY,8.39105339105339,4.576230734512261,Hitter,239,275
Josh Jung,TEX,8.38961038961039,4.575443764480531,Hitter,240,276
Carson Williams,TBR,8.362193362193363,4.560491333877653,Hitter,241,277
Jeremiah Estrada,SDP,24.480809523809526,4.549406814257993,Pitcher,37,278
Garrett Cleavinger,TBR,24.45379761904762,4.5443870397497035,Pitcher,38,279
Kyle Karros,COL,8.332411255411253,4.544249059392769,Hitter,242,280
Luis Campusano,SDP,8.32596825396826,4.540735238201097,Hitter,243,281
Dylan Cease,TOR,24.431130952380954,4.5401747653275875,Pitcher,39,282
Jordan Walker,STL,8.322510822510823,4.538849658005068,Hitter,244,283
Brayan Rocchio,CLE,8.306637806637807,4.530192987656034,Hitter,245,284
Marcelo Mayer,BOS,8.296536796536797,4.5246841974339205,Hitter,246,285
Trevor Megill,MIL,24.341773809523815,4.5235690238294755,Pitcher,40,286
Andrew Vaughn,MIL,8.267676767676768,4.508944796799312,Hitter,247,287
Brandon Woodruff,MIL,24.147452380952384,4.487457177510039,Pitcher,41,288
Ryan Helsley,BAL,24.129202380952393,4.4840656771481155,Pitcher,42,289
Jasson Domínguez,NYY,8.217419913419915,4.4815362045342075,Hitter,248,290
Garrett Whitlock,BOS,24.107964285714296,4.480118882206384,Pitcher,43,291
Victor Robles,SEA,8.160420634920634,4.450450494795839,Hitter,249,292
Troy Johnston,COL,8.118475829725837,4.427575046656012,Hitter,250,293
Framber Valdez,,23.721916666666672,4.408377477290211,Pitcher,44,294
Cam Smith,HOU,8.074767676767673,4.403737921137401,Hitter,251,295
Nick Sogard,BOS,8.072005411255416,4.402231463754165,Hitter,252,296
J.T. Realmuto,PHI,8.062825757575764,4.397225153897313,Hitter,253,297
Gabe Speier,SEA,23.655535714285715,4.396041530768297,Pitcher,45,298
Pete Fairbanks,MIA,23.63046428571429,4.391382365887533,Pitcher,46,299
Yoán Moncada,LAA,8.022503607503609,4.375234653558159,Hitter,254,300
Jesús Luzardo,PHI,23.489821428571428,4.36524591104358,Pitcher,47,301
Blaze Alexander,ARI,7.998650072150069,4.362225645448638,Hitter,255,302
Austin Hays,CHW,7.998556998556998,4.3621748858815925,Hitter,256,303
Yainer Diaz,HOU,7.9812409812409815,4.352731245500829,Hitter,257,304
Cole Young,SEA,7.9622453102453115,4.34237157200313,Hitter,258,305
Nick Pivetta,SDP,23.350369047619054,4.339330689099952,Pitcher,48,306
Samuel Basallo,BAL,7.937229437229438,4.328728659533052,Hitter,259,307
Gavin Sheets,SDP,7.8766233766233755,4.295675918200374,Hitter,260,308
Miguel Andujar,,7.814705266955269,4.261907624366348,Hitter,261,309
Tyler Stephenson,CIN,7.769980880230876,4.237516275202893,Hitter,262,310
Romy Gonzalez,BOS,7.713498196248194,4.206712300735887,Hitter,263,311
Matt Brash,SEA,22.613250000000008,4.202347701879044,Pitcher,49,312
Chris Martin,TEX,22.54938095238096,4.19047855677681,Pitcher,50,313
Sonny Gray,BOS,22.54103571428572,4.188927714145557,Pitcher,51,314
Matt Strahm,KCR,22.37433333333334,4.157948471113574,Pitcher,52,315
Nathan Eovaldi,TEX,22.3679761904762,4.156767087425859,Pitcher,53,316
Pablo López,MIN,22.302416666666673,4.144583791605168,Pitcher,54,317
Zach McKinstry,DET,7.5931136363636424,4.141058145383735,Hitter,264,318
Mark Vientos,NYM,7.578581890331892,4.133132963679191,Hitter,265,319
Nick Gonzales,PIT,7.545694083694088,4.115196932943518,Hitter,266,320
Brady House,WSN,7.542568542568543,4.113492355854788,Hitter,267,321
Kyle Bradish,BAL,22.030309523809525,4.09401658757874,Pitcher,55,322
Chase Burns,CIN,21.993309523809522,4.0871406690367555,Pitcher,56,323
Spencer Strider,ATL,21.945857142857143,4.0783223256299515,Pitcher,57,324
A.J. Puk,ARI,21.9249880952381,4.074444112887321,Pitcher,58,325
Rob Refsnyder,SEA,7.468142135642138,4.072902409043214,Hitter,268,326
Will Vest,DET,21.90163095238095,4.0701035233830165,Pitcher,59,327
Lane Thomas,KCR,7.417748917748918,4.045419448110109,Hitter,269,328
Bo Naylor,CLE,7.414862914862915,4.0438455080466476,Hitter,270,329
Christian Moore,LAA,7.391774891774892,4.031253987538961,Hitter,271,330
Jose A. Ferrer,SEA,21.68919047619048,4.030624512320692,Pitcher,60,331
JJ Bleday,CIN,7.390156204906203,4.030371203905867,Hitter,272,332
Jake Bauers,MIL,7.386142496392492,4.028182246762607,Hitter,273,333
Dominic Canzone,SEA,7.369408369408369,4.01905595204714,Hitter,274,334
Blake Snell,LAD,21.580500000000008,4.010425948521363,Pitcher,61,335
Tyler Glasnow,LAD,21.5727380952381,4.0089835100112685,Pitcher,62,336
Starling Marte,,7.34708946608946,4.006883886566363,Hitter,275,337
Ryan McMahon,NYY,7.272005772005771,3.9659354749053377,Hitter,276,338
Robert Garcia,TEX,21.33505952380953,3.9648143614621327,Pitcher,63,339
Lourdes Gurriel Jr.,ARI,7.244391774891773,3.9508756228931285,Hitter,277,340
Luisangel Acuña,CHW,7.237373737373737,3.9470481941438083,Hitter,278,341
Luis Castillo,SEA,21.175345238095243,3.9351337555550345,Pitcher,64,342
Adrian Morejon,SDP,21.14191666666667,3.928921535714014,Pitcher,65,343
Drew Rasmussen,TBR,21.1032380952381,3.921733678782577,Pitcher,66,344
A.J. Minter,NYM,21.03621428571429,3.909278266494491,Pitcher,67,345
Michael King,SDP,20.91503571428572,3.886758969570792,Pitcher,68,346
Freddy Peralta,NYM,20.91397619047619,3.8865620722895047,Pitcher,69,347
Ty France,,7.122427849927847,3.884360128841243,Hitter,279,348
Logan O'Hoppe,LAA,7.078643578643578,3.8604814906534646,Hitter,280,349
Daniel Palencia,CHC,20.69265476190477,3.845432663790784,Pitcher,70,350
Robert Suarez,ATL,20.528607142857147,3.8149467701265163,Pitcher,71,351
Grant Taylor,CHW,20.406309523809526,3.7922195142765145,Pitcher,72,352
Kyle Isbel,KCR,6.9473304473304465,3.7888672177659983,Hitter,281,353
Zach Cole,HOU,6.918470418470418,3.7731278171313907,Hitter,282,354
Brooks Baldwin,CHW,6.905483405483405,3.766045086845817,Hitter,283,355
Gabriel Arias,CLE,6.86002886002886,3.74125553084631,Hitter,284,356
Denzel Clarke,ATH,6.836940836940837,3.728664010338623,Hitter,285,357
Michael Conforto,,6.835369769119774,3.7278071967165793,Hitter,286,358
Bryce Eldridge,SFG,6.824675324675325,3.7219747650689152,Hitter,287,359
Dylan Lee,ATL,20.02590476190477,3.7215267533078658,Pitcher,73,360
Jacob Young,WSN,6.784330086580084,3.6999716732092556,Hitter,288,361
Louis Varland,TOR,19.889678571428576,3.6962110725241053,Pitcher,74,362
Alex Vesia,LAD,19.841607142857153,3.6872776880091345,Pitcher,75,363
MacKenzie Gore,TEX,19.82258333333334,3.6837423862620007,Pitcher,76,364
Shane Bieber,TOR,19.801678571428575,3.6798575365323587,Pitcher,77,365
Emmet Sheehan,LAD,19.787297619047628,3.6771850430964794,Pitcher,78,366
Kevin Gausman,TOR,19.76880952380953,3.6737492961544898,Pitcher,79,367
Tyler Austin,CHC,6.707968253968252,3.658326202842623,Hitter,289,368
Ranger Suárez,BOS,19.615809523809524,3.6453164438052026,Pitcher,80,369
José Alvarado,PHI,19.488345238095235,3.6216290371678066,Pitcher,81,370
Shota Imanaga,CHC,19.360654761904765,3.597899596279351,Pitcher,82,371
Tanner Bibee,CLE,19.3454761904762,3.595078876800257,Pitcher,83,372
Nasim Nuñez,WSN,6.580086580086579,3.588583344690612,Hitter,290,373
Tanner Scott,LAD,19.29990476190477,3.586610081375959,Pitcher,84,374
Alek Thomas,ARI,6.572150072150071,3.5842550095160948,Hitter,291,375
Matthew Boyd,CHC,19.255642857142867,3.578384642142016,Pitcher,85,376
Edwin Uceta,TBR,19.13038095238096,3.5551065163702145,Pitcher,86,377
Graham Pauley,MIA,6.508658008658007,3.549628328119957,Hitter,292,378
Joe Musgrove,SDP,19.08535714285715,3.5467394880800645,Pitcher,87,379
Gerrit Cole,NYY,19.0569761904762,3.5414652957364066,Pitcher,88,380
Orion Kerkering,PHI,19.055023809523817,3.5411024737798797,Pitcher,89,381
Ryan Ritter,COL,6.47294516594517,3.5301516068046643,Hitter,293,382
Patrick Bailey,SFG,6.4689754689754695,3.5279866522473724,Hitter,294,383
Justin Steele,CHC,18.96917857142857,3.525149369337713,Pitcher,90,384
Sam Hentges,SFG,18.93320238095238,3.518463711090005,Pitcher,91,385
Tommy Pham,,6.440372655122656,3.5123875290209203,Hitter,295,386
Aaron Nola,PHI,18.88105952380953,3.508773710055936,Pitcher,92,387
Jason Adam,SDP,18.874857142857145,3.507621086645262,Pitcher,93,388
Luis Rengifo,,6.428571428571429,3.5059514913589207,Hitter,296,389
Sam Haggerty,TEX,6.425521645021649,3.504288230196861,Hitter,297,390
Justin Turner,,6.371139971139971,3.4746300840960513,Hitter,298,391
Tyler Holton,DET,18.657476190476196,3.467223959046603,Pitcher,94,392
Dennis Santana,PIT,18.541869047619052,3.4457400320964076,Pitcher,95,393
Sean Murphy,ATL,6.304007575757576,3.438018074052366,Hitter,299,394
Fernando Cruz,NYY,18.493464285714296,3.4367447023693467,Pitcher,96,395
Emilio Pagán,CIN,18.40952380952381,3.4211455705676945,Pitcher,97,396
Dillon Dingler,DET,6.2691197691197695,3.418991302852712,Hitter,300,397
Carson Kelly,CHC,6.246343073593073,3.406569571129371,Hitter,301,398
George Valera,CLE,6.179613275613277,3.3701771257245396,Hitter,302,399
Max Muncy,ATH,6.157287157287158,3.3580011253936064,Hitter,303,400
Nick Lodolo,CIN,17.91700000000001,3.329617095046791,Pitcher,98,401
Caleb Thielbar,CHC,17.855035714285727,3.3181019225850714,Pitcher,99,402
Taylor Walls,TBR,6.082251082251082,3.3170786837436252,Hitter,304,403
Eury Pérez,MIA,17.821523809523818,3.3118742164410273,Pitcher,100,404
Eduard Bazardo,SEA,17.543619047619057,3.260229608190037,Pitcher,101,405
Lenyn Sosa,CHW,5.977633477633478,3.2600233564431718,Hitter,305,406
Brusdar Graterol,LAD,17.51286904761905,3.2545151623747377,Pitcher,102,407
Reynaldo López,ATL,17.463845238095246,3.24540479153951,Pitcher,103,408
Carlos Rodón,NYY,17.425476190476203,3.2382744551621574,Pitcher,104,409
Zac Gallen,,17.391119047619043,3.231889673658883,Pitcher,105,410
Bryan King,HOU,17.35173809523809,3.2245712893162564,Pitcher,106,411
Jared Koenig,MIL,17.280904761904765,3.211407931747144,Pitcher,107,412
Freddy Fermin,SDP,5.871572871572871,3.202181059110987,Hitter,306,413
Kris Bubic,KCR,17.159416666666672,3.1888311142693615,Pitcher,108,414
Corbin Burnes,ARI,17.089476190476194,3.1758336813754884,Pitcher,109,415
Edward Cabrera,CHC,17.00684523809524,3.1604779057641905,Pitcher,110,416
Carlos Narváez,BOS,5.788845598845595,3.1570640671918815,Hitter,307,417
Zebby Matthews,MIN,16.93917857142858,3.1479030277099325,Pitcher,111,418
Jack Flaherty,DET,16.769809523809524,3.1164282229812277,Pitcher,112,419
Jhostynxon Garcia,PIT,5.702741702741703,3.110105565398531,Hitter,308,420
Merrill Kelly,ARI,16.703595238095236,3.1041232490653594,Pitcher,113,421
Griffin Conine,MIA,5.678210678210678,3.096727074859114,Hitter,309,422
JoJo Romero,STL,16.657845238095245,3.095621268706016,Pitcher,114,423
Braxton Garrett,MIA,16.520809523809525,3.0701551495500365,Pitcher,115,424
Heriberto Hernández,MIA,5.625541125541126,3.068002668700955,Hitter,310,425
Jason Foley,SFG,16.495071428571435,3.0653720942450926,Pitcher,116,426
Ben Brown,CHC,16.477761904761905,3.0621553678744204,Pitcher,117,427
Andrew Kittredge,BAL,16.4714761904762,3.0609872581607256,Pitcher,118,428
Vaughn Grissom,LAA,5.590572510822515,3.0489318271795263,Hitter,311,429
Bennett Sousa,HOU,16.31109523809525,3.0311827618294482,Pitcher,119,430
Trey Yesavage,TOR,16.295071428571433,3.0282049669911233,Pitcher,120,431
Sandy Alcantara,MIA,16.216476190476193,3.0135991709119145,Pitcher,121,432
Ryan Pepiot,TBR,16.180714285714288,3.0069533345862642,Pitcher,122,433
Logan Henderson,MIL,16.165142857142865,3.0040596082500635,Pitcher,123,434
Rowdy Tellez,,5.491341991341992,2.994814455750028,Hitter,312,435
Steven Okert,HOU,16.093630952380956,2.9907701479277655,Pitcher,124,436
Phil Maton,CHC,16.092630952380954,2.9905843122914955,Pitcher,125,437
Danny Jansen,TEX,5.471139971139972,2.9837968753058024,Hitter,313,438
Jacob Misiorowski,MIL,15.983797619047621,2.9703592005441277,Pitcher,126,439
Shawn Armstrong,CLE,15.926428571428573,2.959697987077647,Pitcher,127,440
Reid Detmers,LAA,15.815202380952382,2.939028197200633,Pitcher,128,441
Nolan McLean,NYM,15.812416666666671,2.938510512213882,Pitcher,129,442
Cody Ponce,TOR,15.798988095238098,2.936015005098258,Pitcher,130,443
Gavin Williams,CLE,15.763035714285722,2.9293337715085572,Pitcher,131,444
Justin Martinez,ARI,15.688654761904763,2.915511139896485,Pitcher,132,445
Bryce Miller,SEA,15.640428571428577,2.906548995104472,Pitcher,133,446
Christopher Morel,MIA,5.274891774891775,2.876768950990468,Hitter,314,447
Javier Báez,DET,5.259740259740259,2.8685057656572988,Hitter,315,448
Camilo Doval,NYY,15.41741666666667,2.865105435887293,Pitcher,134,449
Yimi García,TOR,15.400654761904764,2.86199047665077,Pitcher,135,450
Reese Olson,DET,15.40051190476191,2.861963928702732,Pitcher,136,451
Braxton Ashcraft,PIT,15.342095238095247,2.8511080302839695,Pitcher,137,452
Grayson Rodriguez,LAA,15.333476190476196,2.8495063040856428,Pitcher,138,453
Brandon Pfaadt,ARI,15.30717857142858,2.844619269317547,Pitcher,139,454
Ben Joyce,LAA,15.303857142857144,2.8440020295256496,Pitcher,140,455
Sean Manaea,NYM,15.288178571428578,2.84108839222842,Pitcher,141,456
Sung-Mun Song,SDP,5.1933621933621925,2.8323051441977,Hitter,316,457
Angel Zerpa,MIL,15.037488095238098,2.794501168078772,Pitcher,142,458
Carlos Santana,,5.113230519480524,2.7886037146231746,Hitter,317,459
Kenley Jansen,DET,14.994083333333336,2.7864350165330594,Pitcher,143,460
Will Benson,CIN,5.045961038961046,2.751916942426476,Hitter,318,461
Robert Stephenson,LAA,14.788857142857154,2.748296676846682,Pitcher,144,462
Jonny DeLuca,TBR,5.038239538239538,2.7477058657866826,Hitter,319,463
Bryan Baker,TBR,14.781166666666667,2.746867512310605,Pitcher,145,464
Bailey Ober,MIN,14.780880952380958,2.7468144164145287,Pitcher,146,465
Casey Mize,DET,14.704857142857142,2.732686483400013,Pitcher,147,466
Hunter Gaddis,CLE,14.65564285714286,2.7235407153007336,Pitcher,148,467
Brooks Raley,NYM,14.622880952380955,2.7174523858838926,Pitcher,149,468
Thairo Estrada,,4.973304473304473,2.7122922143588144,Hitter,320,469
Kevin Ginkel,ARI,14.50965476190477,2.6964109247343404,Pitcher,150,470
Jon Berti,,4.943771645021646,2.6961858889469132,Hitter,321,471
Joey Cantillo,CLE,14.390678571428577,2.674300908676235,Pitcher,151,472
Cole Sands,MIN,14.367500000000001,2.6699935041069796,Pitcher,152,473
Travis Bazzana,CLE,4.867529581529577,2.654605737092911,Hitter,322,474
Kevin Kelly,TBR,14.204035714285713,2.6396160145638694,Pitcher,153,475
Carlos Estévez,KCR,14.178380952380962,2.6348484455619485,Pitcher,154,476
Tanner Banks,PHI,14.153559523809527,2.6302357395902494,Pitcher,155,477
Ezequiel Duran,TEX,4.816017316017316,2.6265124809002014,Hitter,323,478
Robbie Ray,SFG,14.10757142857143,2.62168951265084,Pitcher,156,479
Andrew Abbott,CIN,14.023642857142859,2.6060925931781918,Pitcher,157,480
Braxton Fulford,COL,4.763215367965368,2.5977158702416308,Hitter,324,481
Ryne Nelson,ARI,13.974952380952384,2.5970441675550533,Pitcher,158,482
Thomas Saggese,STL,4.758297258297258,2.5950336796309856,Hitter,325,483
Michael McGreevy,STL,13.89655952380953,2.5824759810689004,Pitcher,159,484
Cade Horton,CHC,13.871178571428569,2.5777592956340496,Pitcher,160,485
Brant Hurter,DET,13.833666666666677,2.5707882469449297,Pitcher,161,486
Luke Weaver,NYM,13.749642857142861,2.5551736288402553,Pitcher,162,487
Drew Pomeranz,LAA,13.744702380952383,2.554255512303922,Pitcher,163,488
Gary Sánchez,,4.671717171717171,2.5478154777271618,Hitter,326,489
José Soriano,LAA,13.690630952380953,2.5442071139713307,Pitcher,164,490
Andrew Nardi,MIA,13.678761904761906,2.542001421955128,Pitcher,165,491
Danny Coulombe,,13.618916666666674,2.5308800440559804,Pitcher,166,492
Luke Raley,SEA,4.637085137085137,2.5289281969656323,Hitter,327,493
Tyrone Taylor,NYM,4.627705627705627,2.523812891759384,Hitter,328,494
Isiah Kiner-Falefa,,4.625541125541125,2.5226324367117887,Hitter,329,495
Seranthony Domínguez,CHW,13.56895238095239,2.5215948992294983,Pitcher,167,496
Colby Thomas,ATH,4.616883116883117,2.517910616521407,Hitter,330,497
Riley O'Brien,STL,13.415440476190483,2.4930669167330732,Pitcher,168,498
Colt Emerson,SEA,4.562770562770563,2.488399240331517,Hitter,331,499
Charlie Condon,COL,4.558932900432907,2.4863062935321336,Hitter,332,500
Michael Massey,KCR,4.558441558441558,2.4860383302363256,Hitter,333,501
Pedro Pagés,STL,4.526695526695527,2.468724989538257,Hitter,334,502
Jonathan Loáisiga,ARI,13.242702380952393,2.460966022896462,Pitcher,169,503
Mike Burrows,HOU,13.190130952380958,2.451196378018275,Pitcher,170,504
Michael Soroka,ARI,13.172892857142864,2.4479929256216235,Pitcher,171,505
Max Scherzer,,13.148119047619048,2.443389068965937,Pitcher,172,506
Lucas Erceg,KCR,13.131988095238103,2.4403913631665857,Pitcher,173,507
Dane Myers,CIN,4.4523809523809526,2.4281960329041414,Hitter,335,508
Mauricio Dubón,ATL,4.413419913419913,2.4069478420474204,Hitter,336,509
Dustin May,STL,12.94682142857143,2.4059807978506185,Pitcher,174,510
Cam Schlittler,NYY,12.93900000000001,2.4045272976955094,Pitcher,175,511
Mitch Keller,PIT,12.933857142857146,2.4035715715661206,Pitcher,176,512
Foster Griffin,WSN,12.917309523809532,2.4004964342516564,Pitcher,177,513
Ben Williamson,SEA,4.392496392496392,2.39553677658733,Hitter,337,514
Tyler Rogers,TOR,12.867523809523817,2.3912444743602217,Pitcher,178,515
Shane Smith,CHW,12.857964285714287,2.389467974170641,Pitcher,179,516
Enrique Hernández,,4.370129870129871,2.383338741095509,Hitter,338,517
Trevor Rogers,BAL,12.823916666666669,2.3831407132214535,Pitcher,180,518
Gregory Soto,PIT,12.82180952380953,2.382749130987886,Pitcher,181,519
Tyler Mahle,SFG,12.712988095238096,2.36252623156952,Pitcher,182,520
Nick Fortes,TBR,4.317460317460317,2.354614334937349,Hitter,339,521
Brent Headrick,NYY,12.6379761904762,2.34858634652028,Pitcher,183,522
Kyle Higashioka,TEX,4.3059163059163055,2.348318574683506,Hitter,340,523
Robert Gasser,MIL,12.628250000000008,2.3467788737246553,Pitcher,184,524
David Peterson,NYM,12.589761904761916,2.3396264140572702,Pitcher,185,525
Aaron Bummer,ATL,12.57717857142857,2.337287982300872,Pitcher,186,526
Quinn Priester,MIL,12.495440476190485,2.3220981313648177,Pitcher,187,527
Jeremiah Jackson,BAL,4.253246753246753,2.3195941685253465,Hitter,341,528
Keegan Akin,BAL,12.472857142857148,2.317901343245723,Pitcher,188,529
Chris Bassitt,,12.466666666666667,2.3167509321640516,Pitcher,189,530
Brock Stewart,LAD,12.440476190476195,2.311883808356985,Pitcher,190,531
Adrian Del Castillo,ARI,4.233766233766234,2.308970073096986,Hitter,342,532
Otto Kemp,PHI,4.2334361471861435,2.308790053702226,Hitter,343,533
Kodai Senga,NYM,12.410916666666674,2.306390595442009,Pitcher,191,534
Shane Baz,BAL,12.401214285714293,2.304587547304391,Pitcher,192,535
Kody Clemens,MIN,4.221500721500721,2.3022808278272775,Hitter,344,536
Coleman Crow,MIL,12.361690476190484,2.2972426150137255,Pitcher,193,537
Jakob Junis,TEX,12.351595238095246,2.295366560019002,Pitcher,194,538
Jared Jones,PIT,12.3364761904762,2.292556902184922,Pitcher,195,539
Christian Scott,NYM,12.334988095238096,2.292280361059519,Pitcher,196,540
Roki Sasaki,LAD,12.327880952380964,2.2909596006446034,Pitcher,197,541
José Tena,WSN,4.198412698412698,2.289689307319591,Hitter,345,542
Clay Holmes,NYM,12.315845238095239,2.2887229360223533,Pitcher,198,543
Steven Matz,TBR,12.272190476190483,2.2806103255675745,Pitcher,199,544
Ryan Brasier,,12.270821428571434,2.280355907732205,Pitcher,200,545
Justin Wilson,,12.244511904761904,2.275466660635104,Pitcher,201,546
Angel Martínez,CLE,4.153679653679654,2.2652932363359493,Hitter,346,547
Tatsuya Imai,HOU,12.139738095238101,2.255995953077833,Pitcher,202,548
Keibert Ruiz,WSN,4.129148629148629,2.2519147457965323,Hitter,347,549
Hunter Feduccia,TBR,4.118799062049057,2.246270399986451,Hitter,348,550
Justin Hagenman,NYM,12.086369047619048,2.246078082156431,Pitcher,203,551
Jameson Taillon,CHC,12.067761904761909,2.2426202119244105,Pitcher,204,552
Graham Ashcraft,CIN,12.059095238095246,2.2410096364100722,Pitcher,205,553
Zach Eflin,BAL,12.056845238095239,2.240591506228464,Pitcher,206,554
Connelly Early,BOS,12.027833333333335,2.2352000604476356,Pitcher,207,555
Yennier Cano,BAL,11.99444047619048,2.228994477593625,Pitcher,208,556
Tommy Nance,TOR,11.982761904761906,2.226824182841473,Pitcher,209,557
Matt Svanson,STL,11.971523809523815,2.2247357442624414,Pitcher,210,558
Adam Frazier,,4.042568542568543,2.204696543892709,Hitter,349,559
Kirby Yates,LAA,11.853428571428571,2.202789440550573,Pitcher,211,560
Blake Treinen,LAD,11.761500000000003,2.1857058359877675,Pitcher,212,561
David Festa,MIN,11.721142857142866,2.178206040666878,Pitcher,213,562
Parker Messick,CLE,11.661761904761914,2.1671709435988546,Pitcher,214,563
Jacob Lopez,ATH,11.647202380952386,2.1644652652279253,Pitcher,215,564
Brady Singer,CIN,11.641761904761907,2.1634542308734566,Pitcher,216,565
Jack Perkins,ATH,11.62632142857143,2.16058484015629,Pitcher,217,566
Randal Grichuk,,3.961038961038961,2.1602327370999412,Hitter,350,567
Bryce Teodosio,LAA,3.95021645021645,2.154330461861963,Hitter,351,568
Jordan Wicks,CHC,11.59002380952382,2.153839449025497,Pitcher,218,569
Oswald Peraza,LAA,3.945887445887446,2.151969551766772,Hitter,352,570
Matt Vierling,DET,3.9453062770562717,2.1516525995864897,Hitter,353,571
Miguel Amaya,CHC,3.940836940836941,2.1492151566557154,Hitter,354,572
Payton Tolle,BOS,11.534404761904764,2.1435034479224866,Pitcher,219,573
Michael Wacha,KCR,11.463059523809525,2.1302449602062348,Pitcher,220,574
Taj Bradley,MIN,11.449678571428574,2.1277583024066242,Pitcher,221,575
Joe Jiménez,ATL,11.433964285714293,2.1248380281223844,Pitcher,222,576
Tim Herrin,CLE,11.404654761904773,2.1193912741164764,Pitcher,223,577
Andrés Chaparro,WSN,3.87012987012987,2.110653625100926,Hitter,355,578
Ryan Weathers,NYY,11.342964285714292,2.1079269852218285,Pitcher,224,579
Landen Roupp,SFG,11.317130952380959,2.1031262312848575,Pitcher,225,580
Bubba Chandler,PIT,11.26695238095239,2.0938012645363178,Pitcher,226,581
Sawyer Gipson-Long,DET,11.257750000000001,2.092091134216833,Pitcher,227,582
Julian Fernández,WSN,11.223761904761911,2.0857749349126626,Pitcher,228,583
Amed Rosario,NYY,3.8152958152958156,2.080748763895171,Hitter,356,584
Joe Mack,MIA,3.8109668109668107,2.0783878537999794,Hitter,357,585
Ramón Urías,,3.8109668109668107,2.0783878537999794,Hitter,357,586
Ian Seymour,TBR,11.141857142857148,2.070554111370561,Pitcher,229,587
Everson Pereira,CHW,3.778499278499278,2.0606810280860457,Hitter,359,588
Ryan Thompson,ARI,11.08636904761905,2.0602424458865873,Pitcher,230,589
Jack Leiter,TEX,10.989654761904767,2.04226948506449,Pitcher,231,590
Chad Patrick,MIL,10.98535714285714,2.041470834294329,Pitcher,232,591
Erik Miller,SFG,10.982511904761907,2.040942087662562,Pitcher,233,592
Kutter Crawford,BOS,10.938797619047621,2.032818415562766,Pitcher,234,593
Zack Littell,,10.895642857142857,2.0247987229261204,Pitcher,235,594
Drew Anderson,DET,10.890761904761908,2.023891668034804,Pitcher,236,595
Henry Davis,PIT,3.706349206349206,2.021332526499526,Hitter,360,596
Will Warren,NYY,10.847238095238094,2.0158033931990587,Pitcher,237,597
Yusei Kikuchi,LAA,10.768357142857154,2.0011445012237754,Pitcher,238,598
Kyle Finnegan,DET,10.751714285714288,1.9980516652772826,Pitcher,239,599
Matthew Liberatore,STL,10.728178571428575,1.9936778908379322,Pitcher,240,600
Carmen Mlodzinski,PIT,10.721845238095243,1.9925009318082234,Pitcher,241,601
Adbert Alzolay,NYM,10.712607142857156,1.990784164501732,Pitcher,242,602
Chris Taylor,,3.6334776334776335,1.981590539897141,Hitter,361,603
Mark Leiter Jr.,ATH,10.660738095238097,1.9811450470347334,Pitcher,243,604
Slade Cecconi,CLE,10.65645238095238,1.9803486085935764,Pitcher,244,605
Noah Cameron,KCR,10.608154761904766,1.9713731898275444,Pitcher,245,606
Hoby Milner,CHC,10.602904761904771,1.9703975527371287,Pitcher,246,607
Dauri Moreta,,10.593690476190485,1.9686852100886423,Pitcher,247,608
Troy Melton,DET,10.57166666666667,1.9645924014326985,Pitcher,248,609
Cody Freeman,TEX,3.5952380952380953,1.9607358340562855,Hitter,362,610
Justin Sterner,ATH,10.533666666666676,1.9575306472544454,Pitcher,249,611
Robert Hassell III,WSN,3.5743145743145743,1.9493247685961945,Hitter,363,612
Mason Montgomery,PIT,10.48221428571429,1.9479689613025604,Pitcher,250,613
Clarke Schmidt,NYY,10.480464285714286,1.9476437489390872,Pitcher,251,614
Nick Castellanos,PHI,3.5634920634920633,1.9434224933582165,Hitter,364,615
Dominic Smith,,3.560790043290047,1.9419488919738035,Hitter,365,616
Mason Englert,TBR,10.428285714285714,1.937947110918007,Pitcher,252,617
Jeffrey Springs,ATH,10.39042857142858,1.9309119046877932,Pitcher,253,618
Blake Perkins,MIL,3.5353535353535355,1.928076577739474,Hitter,366,619
Anthony Bender,MIA,10.371750000000002,1.9274407604817518,Pitcher,254,620
Jose Trevino,CIN,3.5115440115440113,1.915091572215922,Hitter,367,621
Brendon Little,TOR,10.296892857142858,1.9135296357095517,Pitcher,255,622
Braydon Fisher,TOR,10.256797619047626,1.9060785116267336,Pitcher,256,623
Justin Slaten,BOS,10.237726190476199,1.9025343605635874,Pitcher,257,624
Tyler Kinley,ATL,10.172666666666675,1.8904439825610315,Pitcher,258,625
Jake Bird,NYY,10.094416666666675,1.8759023440229163,Pitcher,259,626
Wilmer Flores,,3.4343434343434343,1.872988675518346,Hitter,368,627
Jovani Morán,BOS,10.059250000000006,1.8693671241474263,Pitcher,260,628
José Buttó,SFG,10.030511904761909,1.8640265619336711,Pitcher,261,629
Dylan Dodd,ATL,10.029821428571436,1.8638982468514855,Pitcher,262,630
Abimelec Ortiz,WSN,3.3953823953823954,1.8517404846616252,Hitter,369,631
Max Meyer,MIA,9.926261904761905,1.8446531968525393,Pitcher,263,632
Andrew Saalfrank,ARI,9.871107142857143,1.8344034765806563,Pitcher,264,633
Keaton Winn,SFG,9.84444047619048,1.829447859613461,Pitcher,265,634
Clayton Beeter,WSN,9.82354761904762,1.8255652222128227,Pitcher,266,635
Alex Verdugo,,3.338710678210673,1.8208334171204585,Hitter,370,636
Aaron Ashby,MIL,9.791202380952381,1.8195543243110943,Pitcher,267,637
Tyler Wells,BAL,9.78790476190477,1.8189415091772059,Pitcher,268,638
Robby Snelling,MIA,9.741690476190481,1.8103532479867348,Pitcher,269,639
David Fry,CLE,3.290764790764791,1.7946851573611715,Hitter,371,640
Brady Basso,ATH,9.632654761904766,1.7900905266463119,Pitcher,270,641
Kumar Rocker,TEX,9.620333333333335,1.7878007661279867,Pitcher,271,642
Cody Bradford,TEX,9.61064285714287,1.7859999303193739,Pitcher,272,643
Eric Lauer,TOR,9.572702380952393,1.7789492377861356,Pitcher,273,644
Jordan Leasure,CHW,9.437071428571429,1.7537441734525343,Pitcher,274,645
Bryce Johnson,SDP,3.196969696969697,1.7435321052986956,Hitter,372,646
Javier Sanoja,MIA,3.183982683982684,1.736449375013122,Hitter,373,647
Josh White,MIA,9.3214880952381,1.7322646711603458,Pitcher,275,648
JP Sears,SDP,9.309190476190485,1.7299793353000281,Pitcher,276,649
Brenan Hanifee,DET,9.29382142857143,1.7271232185568794,Pitcher,277,650
Justin Verlander,,9.28744047619048,1.7259374102111578,Pitcher,278,651
Nick Martinez,,9.268749999999997,1.7224640536761133,Pitcher,279,652
John Schreiber,KCR,9.221571428571433,1.713696593836384,Pitcher,280,653
Mason Fluharty,TOR,9.159142857142857,1.702095140543537,Pitcher,281,654
Enyel De Los Santos,HOU,9.158464285714295,1.7019690377903556,Pitcher,282,655
Travis d'Arnaud,LAA,3.116161616161616,1.6994617835217933,Hitter,374,656
Casey Schmitt,SFG,3.102453102453102,1.6919855682203544,Hitter,375,657
Ian Hamilton,ATL,9.086214285714291,1.6885424130698587,Pitcher,283,658
Taylor Rogers,MIN,9.07229761904762,1.6859562004651023,Pitcher,284,659
Connor Wong,BOS,3.0750360750360746,1.6770331376174767,Hitter,376,660
Cade Cavalli,WSN,9.023690476190477,1.6769232611449862,Pitcher,285,661
Kody Funderburk,MIN,9.023666666666667,1.6769188364869798,Pitcher,286,662
Matt Festa,CLE,9.023321428571437,1.676854678945888,Pitcher,287,663
Sammy Peralta,MIL,9.014690476190482,1.6752507404185586,Pitcher,288,664
David Morgan,SDP,9.002833333333331,1.6730472607313576,Pitcher,289,665
Colton Gordon,HOU,8.972833333333332,1.6674721916432624,Pitcher,290,666
Brayan Bello,BOS,8.917738095238096,1.6572335330163956,Pitcher,291,667
Joel Payamps,ATL,8.886511904761907,1.6514305940409697,Pitcher,292,668
Jordan Romano,LAA,8.847535714285716,1.644187428884452,Pitcher,293,669
Aaron Civale,,8.794166666666671,1.6342695579630513,Pitcher,294,670
Dean Kremer,BAL,8.785452380952387,1.6326501331327001,Pitcher,295,671
Brock Burke,CIN,8.77641666666667,1.6309709754192614,Pitcher,296,672
Eduardo Rodriguez,ARI,8.77525,1.6307541671769459,Pitcher,297,673
Drey Jameson,ARI,8.721226190476191,1.620714618160368,Pitcher,298,674
Mitch Garver,,2.966089466089466,1.617616900221832,Hitter,377,675
Luis Severino,ATH,8.67978571428572,1.6130135009001865,Pitcher,299,676
Hurston Waldrep,ATL,8.639761904761903,1.605575650791385,Pitcher,300,677
Cooper Criswell,SEA,8.595916666666668,1.597427643072554,Pitcher,301,678
Easton McGee,MIL,8.553273809523812,1.5895030805830477,Pitcher,302,679
Jalen Beeks,,8.545119047619055,1.587987635215848,Pitcher,303,680
Seth Lugo,KCR,8.471559523809525,1.574317654304997,Pitcher,304,681
Cristian Mena,ARI,8.415011904761904,1.5638090915397378,Pitcher,305,682
Wandy Peralta,SDP,8.380547619047627,1.5574043990754396,Pitcher,306,683
Luis Torrens,NYM,2.8549783549783547,1.5570202077785913,Hitter,378,684
Grant Anderson,MIL,8.298404761904767,1.5421393289532732,Pitcher,307,685
Jack Dreyer,LAD,8.262226190476193,1.5354160611125103,Pitcher,308,686
Craig Yoho,MIL,8.1927261904762,1.5225004843917573,Pitcher,309,687
Dietrich Enns,BAL,8.18591666666667,1.5212350322019186,Pitcher,310,688
Tristan Beck,SFG,8.149511904761916,1.5144697301100964,Pitcher,311,689
Jeimer Candelario,,2.764069264069264,1.5074410957795763,Hitter,379,690
Hayden Wesneski,HOU,8.089309523809533,1.503281982340851,Pitcher,312,691
Sean Newcomb,CHW,8.07007142857143,1.4997068586716582,Pitcher,313,692
Janson Junk,MIA,8.054833333333331,1.4968750775475457,Pitcher,314,693
Kyle Leahy,STL,8.01579761904762,1.4896208507460125,Pitcher,315,694
José Berríos,TOR,8.014892857142863,1.4894527137417695,Pitcher,316,695
Rob Zastryzny,MIL,7.979119047619048,1.4828046650871152,Pitcher,317,696
Victor Vodnik,COL,7.964869047619043,1.480156507270269,Pitcher,318,697
Tobias Myers,NYM,7.9505000000000035,1.477486226163393,Pitcher,319,698
Adrian Houser,SFG,7.936833333333336,1.474946472467705,Pitcher,320,699
J.T. Ginn,ATH,7.903321428571437,1.4687187663236632,Pitcher,321,700
Yaramil Hiraldo,BAL,7.892797619047627,1.4667630674848233,Pitcher,322,701
Brandon Eisert,CHW,7.891047619047626,1.4664378551213508,Pitcher,323,702
Connor Prielipp,MIN,7.886345238095247,1.4655639851650824,Pitcher,324,703
Simeon Woods Richardson,MIN,7.884464285714294,1.4652144371825746,Pitcher,325,704
Jonathan Bowlan,PHI,7.883285714285719,1.464995416611256,Pitcher,326,705
Ryan Weiss,HOU,7.796702380952384,1.4489051477708916,Pitcher,327,706
James McCann,ARI,2.652958152958153,1.446844403336336,Hitter,380,707
Erik Sabrowski,CLE,7.782309523809523,1.446230442006007,Pitcher,328,708
Patrick Sandoval,BOS,7.7442261904761915,1.4391532015247308,Pitcher,329,709
Calvin Faucher,MIA,7.690690476190479,1.4292043579972848,Pitcher,330,710
Casey Legumina,SEA,7.675214285714285,1.426328330293108,Pitcher,331,711
Justin Wrobleski,LAD,7.645202380952384,1.4207510488760102,Pitcher,332,712
Jacob Webb,CHC,7.642976190476189,1.4203373433524087,Pitcher,333,713
Hayden Harris,ATL,7.605488095238093,1.4133707193212928,Pitcher,334,714
Justin Topa,MIN,7.599190476190479,1.4122003972785941,Pitcher,335,715
Andre Pallante,STL,7.596142857142859,1.4116340410537718,Pitcher,336,716
Alex Lange,KCR,7.566583333333334,1.406140828138795,Pitcher,337,717
Anthony Nunez,BAL,7.554869047619056,1.4039638963996355,Pitcher,338,718
Jose Iglesias,,2.5735930735930737,1.4035610515911638,Hitter,381,719
Grant Holmes,ATL,7.546976190476187,1.4024971222705034,Pitcher,339,720
Jonah Heim,,2.562049062049062,1.3972652913373207,Hitter,382,721
Brandon Sproat,MIL,7.4974166666666715,1.3932871966301315,Pitcher,340,722
Christian Vázquez,,2.548340548340548,1.3897890760358818,Hitter,383,723
Luis García,NYM,7.4342023809523825,1.381539729623073,Pitcher,341,724
Justin Lawrence,PIT,7.40790476190476,1.376652694854976,Pitcher,342,725
Richard Lovelady,WSN,7.2921547619047615,1.355142219956742,Pitcher,343,726
Kyle Harrison,BOS,7.284750000000009,1.3537661513167456,Pitcher,344,727
Bowden Francis,TOR,7.2614880952381,1.3494432604444677,Pitcher,345,728
Matt Gage,SFG,7.234190476190484,1.3443703900401023,Pitcher,346,729
Johan Oviedo,BOS,7.23358333333333,1.3442575612609362,Pitcher,347,730
Ryan Fernandez,STL,7.194214285714287,1.3369413892473136,Pitcher,348,731
Taylor Clarke,ARI,7.188857142857144,1.335945841195868,Pitcher,349,732
Joe Boyle,TBR,7.172488095238096,1.3329038888164508,Pitcher,350,733
Colin Rea,CHC,7.123476190476192,1.3237957303102255,Pitcher,351,734
Nick Mears,KCR,7.062726190476198,1.3125062154068337,Pitcher,352,735
Jonathan Pintaro,NYM,7.005273809523809,1.301829515637329,Pitcher,353,736
Javier Assad,CHC,7.003976190476202,1.3015883717759809,Pitcher,354,737
Ryne Stanek,STL,6.939499999999999,1.2896063978945802,Pitcher,355,738
Hogan Harris,ATH,6.926392857142858,1.2871706236620437,Pitcher,356,739
Evan Sisk,PIT,6.918583333333333,1.2857193358359362,Pitcher,357,740
Trent Thornton,CHC,6.865035714285723,1.2757682799794883,Pitcher,358,741
Logan Allen,CLE,6.856392857142858,1.2741621291231544,Pitcher,359,742
Hunter Barco,PIT,6.823642857142854,1.2680760120353165,Pitcher,360,743
PJ Poulin,WSN,6.795511904761907,1.2628482786007265,Pitcher,361,744
Kyle Freeland,COL,6.771428571428571,1.2583727370272273,Pitcher,362,745
Paul Sewald,,6.733023809523812,1.2512357636628644,Pitcher,363,746
Lucas Giolito,,6.666666666666666,1.238904241798958,Pitcher,364,747
Ryan Yarbrough,NYY,6.632154761904763,1.2324907000186454,Pitcher,365,748
Porter Hodge,CHC,6.6265,1.2314398437421192,Pitcher,366,749
Cristian Javier,HOU,6.609523809523809,1.2282850625835382,Pitcher,367,750
Dylan Ross,NYM,6.604119047619049,1.2272806652160801,Pitcher,368,751
Colin Selby,BAL,6.537452380952381,1.2148916227980904,Pitcher,369,752
Greg Weissert,BOS,6.518404761904765,1.211351896392951,Pitcher,370,753
DL Hall,MIL,6.515797619047624,1.2108673963412477,Pitcher,371,754
Alex Cobb,,6.449250000000001,1.1985004772132897,Pitcher,372,755
Gordon Graceffo,STL,6.42359523809524,1.193732908211367,Pitcher,373,756
John King,,6.402345238095238,1.1897839009406326,Pitcher,374,757
Cade Povich,BAL,6.336035714285724,1.177461228392741,Pitcher,375,758
Sean Burke,CHW,6.333333333333334,1.1769590297090102,Pitcher,376,759
Carlos Vargas,SEA,6.328642857142867,1.1760873720817462,Pitcher,377,760
Caleb Ferguson,CIN,6.306928571428574,1.1720520839798854,Pitcher,378,761
Josh Sborz,TEX,6.301928571428579,1.1711229057985373,Pitcher,379,762
Eric Orze,MIN,6.295571428571426,1.1699415221108198,Pitcher,380,763
Lance McCullers Jr.,HOU,6.229583333333332,1.1576785824460136,Pitcher,381,764
Jon Gray,,6.194440476190483,1.151147787228532,Pitcher,382,765
Tony Santillan,CIN,6.18539285714286,1.1494664171860898,Pitcher,383,766
Colin Holderman,CLE,6.167928571428575,1.1462209305383775,Pitcher,384,767
Brad Lord,WSN,6.159178571428569,1.144594868721015,Pitcher,385,768
Richard Fitts,STL,6.127226190476193,1.138656977676394,Pitcher,386,769
Griffin Canning,,6.066666666666666,1.1274028600370518,Pitcher,387,770
Emerson Hancock,SEA,6.016785714285723,1.1181332015135932,Pitcher,388,771
Andrew Alvarez,WSN,6.004059523809522,1.1157682218091574,Pitcher,389,772
Huascar Brazobán,NYM,5.989535714285711,1.1130691804252377,Pitcher,390,773
Austin Warren,NYM,5.957857142857151,1.1071821729476916,Pitcher,391,774
Jose Quintana,,5.954511904761901,1.1065605084977868,Pitcher,392,775
Anthony Kay,CHW,5.9339999999999975,1.102748665625252,Pitcher,393,776
James McArthur,KCR,5.910154761904767,1.098317370631819,Pitcher,394,777
Tyler Alexander,TEX,5.899404761904766,1.096319637541918,Pitcher,395,778
Yohan Ramírez,PIT,5.89664285714286,1.0958063772131723,Pitcher,396,779
Yariel Rodríguez,TOR,5.884321428571434,1.0935166166948482,Pitcher,397,780
Brad Keller,PHI,5.839904761904764,1.0852624171838618,Pitcher,398,781
Mitch Spence,ATH,5.825273809523809,1.0825434648389134,Pitcher,399,782
Miles Mikolas,,5.773904761904763,1.0729972651900521,Pitcher,400,783
Justin Bruihl,STL,5.7618214285714275,1.070751751251791,Pitcher,401,784
Reiver Sanmartin,SFG,5.736285714285714,1.0660063055399005,Pitcher,402,785
Pierce Johnson,CIN,5.712809523809533,1.0616435927455674,Pitcher,403,786
Elvis Alvarado,ATH,5.70927380952381,1.0609865310316118,Pitcher,404,787
Scott Barlow,,5.67754761904762,1.0550906742380506,Pitcher,405,788
Davis Martin,CHW,5.6761904761904765,1.0548384687316843,Pitcher,406,789
Jake Irvin,WSN,5.6761904761904765,1.0548384687316843,Pitcher,406,790
Yuki Matsui,SDP,5.5937738095238165,1.0395225150424459,Pitcher,408,791
Michael Lorenzen,COL,5.59047619047619,1.0389096999085548,Pitcher,409,792
Michel Otañez,TEX,5.575369047619048,1.0361022544034781,Pitcher,410,793
Kyle Nicolas,PIT,5.540595238095239,1.029640041385095,Pitcher,411,794
Lake Bachar,MIA,5.515095238095242,1.0249012326602145,Pitcher,412,795
Patrick Corbin,,5.504761904761905,1.0229809310854254,Pitcher,413,796
Luis Gil,NYY,5.478380952380952,1.0180784100143065,Pitcher,414,797
Tyler Anderson,,5.476190476190476,1.0176713414777154,Pitcher,415,798
Isaac Mattson,PIT,5.383249999999999,1.000399688949636,Pitcher,416,799
Tomoyuki Sugano,,5.3238095238095235,0.9893535302365964,Pitcher,417,800
Jacob Latz,TEX,5.303726190476189,0.9856213312081767,Pitcher,418,801
Bradgley Rodriguez,SDP,5.28261904761905,0.981698871885482,Pitcher,419,802
Andrew Hoffmann,ARI,5.279964285714284,0.9812055225177647,Pitcher,420,803
Stephen Kolek,KCR,5.2495952380952415,0.9755618712305708,Pitcher,421,804
Chris Paddack,,5.220809523809528,0.9702124597008034,Pitcher,422,805
Tim Hill,NYY,5.148714285714286,0.9568145952573481,Pitcher,423,806
Germán Márquez,,5.133333333333333,0.9539562661851976,Pitcher,424,807
Tim Mayza,PHI,5.13277380952381,0.9538522867220468,Pitcher,425,808
Tyler Phillips,MIA,5.117476190476188,0.9510094439529182,Pitcher,426,809
Andrew Walters,CLE,5.114654761904774,0.9504851219791596,Pitcher,427,810
Andrew Chafin,,5.095880952380956,0.946996279141092,Pitcher,428,811
José Leclerc,,5.085095238095246,0.9449919090641823,Pitcher,429,812
Randy Vásquez,SDP,5.076190476190476,0.943337086969778,Pitcher,430,813
Mick Abel,MIN,5.043321428571425,0.9372288465919079,Pitcher,431,814
Yerry De los Santos,NYY,5.017000000000004,0.9323373871658066,Pitcher,432,815
Walker Buehler,,4.9714285714285715,0.9238685917415087,Pitcher,433,816
Chase Dollander,COL,4.9714285714285715,0.9238685917415087,Pitcher,433,817
Andrew Painter,PHI,4.9714285714285715,0.9238685917415087,Pitcher,433,818
Thomas White,MIA,4.932678571428575,0.9166674608360529,Pitcher,436,819
Brandyn Garcia,ARI,4.931678571428569,0.9164816251997819,Pitcher,437,820
Spencer Bivens,SFG,4.896321428571427,0.9099110080602412,Pitcher,438,821
Marcus Stroman,,4.876190476190477,0.9061699597158094,Pitcher,439,822
Luis Morales,ATH,4.858976190476188,0.9029709319771636,Pitcher,440,823
Josiah Gray,WSN,4.828571428571429,0.8973206437029597,Pitcher,441,824
Matt Pushard,STL,4.8157142857142885,0.8949313283794906,Pitcher,442,825
Connor Brogdon,CLE,4.807714285714292,0.8934446432893326,Pitcher,443,826
Trevor McDonald,SFG,4.770345238095249,0.8865001425482497,Pitcher,444,827
Mike Vasil,CHW,4.686904761904761,0.8709939285647316,Pitcher,445,828
Kade Strowd,BAL,4.680452380952383,0.869794846244991,Pitcher,446,829
Cole Henry,WSN,4.666666666666666,0.8672329692592705,Pitcher,447,830
Luis Medina,ATH,4.657142857142857,0.8654631060567005,Pitcher,448,831
Nick Raquet,STL,4.621476190476189,0.8588349683630759,Pitcher,449,832
Chase Silseth,LAA,4.603297619047618,0.8554567419751706,Pitcher,450,833
Kendry Rojas,MIN,4.593214285714289,0.8535828993094506,Pitcher,451,834
Jordan Montgomery,,4.577952380952384,0.8507466935273322,Pitcher,452,835
Kohl Drake,ARI,4.577154761904764,0.8505984674841168,Pitcher,453,836
Craig Kimbrel,NYM,4.574309523809524,0.8500697208523487,Pitcher,454,837
Joey Lucchesi,,4.5542857142857125,0.8463485834689449,Pitcher,455,838
Scott Alexander,SFG,4.549452380952378,0.8454503778936404,Pitcher,456,839
Tanner Gordon,COL,4.542857142857143,0.8442247476258613,Pitcher,457,840
Ron Marinaccio,SDP,4.537630952380962,0.8432535351934529,Pitcher,458,841
Juan Morillo,ARI,4.513785714285713,0.8388222402000164,Pitcher,459,842
Spencer Arrighetti,HOU,4.487226190476192,0.83388653419385,Pitcher,460,843
José Urquidy,,4.4782857142857235,0.8322250751124389,Pitcher,461,844
Luke Jackson,,4.470404761904764,0.830760513312311,Pitcher,462,845
Taijuan Walker,PHI,4.428571428571429,0.8229863891950222,Pitcher,463,846
Joe Rock,TBR,4.4229166666666755,0.8219355329184979,Pitcher,464,847
Austin Peterson,CLE,4.405059523809533,0.8186170394136792,Pitcher,465,848
Steven Cruz,KCR,4.399416666666669,0.8175683954661553,Pitcher,466,849
Gavin Stone,LAD,4.391226190476187,0.8160463131119442,Pitcher,467,850
Cade Gibson,MIA,4.390190476190477,0.8158538404886654,Pitcher,468,851
Michael Kelly,ATH,4.374285714285716,0.8128981689403738,Pitcher,469,852
JT Brubaker,SFG,4.3703809523809545,0.8121725250273202,Pitcher,470,853
Jordan Hicks,BOS,4.356452380952378,0.8095841000935607,Pitcher,471,854
Ryan Feltner,COL,4.352380952380952,0.8088274835744625,Pitcher,472,855
Keider Montero,DET,4.323892857142854,0.8035333802697747,Pitcher,473,856
Ethan Roberts,CHC,4.321750000000004,0.8031351610491978,Pitcher,474,857
Paul Blackburn,NYY,4.31442857142858,0.801774578712223,Pitcher,475,858
Cole Sulser,TBR,4.240261904761901,0.7879917690222074,Pitcher,476,859
Kolby Allard,CLE,4.218547619047629,0.7839564809203504,Pitcher,477,860
Robinson Ortiz,SEA,4.216130952380954,0.7835073781326968,Pitcher,478,861
Tyler Ferguson,ATH,4.183416666666666,0.7774278980318685,Pitcher,479,862
Alek Manoah,LAA,4.180952380952381,0.7769699459282037,Pitcher,480,863
Pierson Ohl,COL,4.172428571428579,0.775385918361905,Pitcher,481,864
Daniel Lynch IV,KCR,4.149619047619051,0.7711470959917492,Pitcher,482,865
Jonathan Cannon,CHW,4.038095238095238,0.7504219978896546,Pitcher,483,866
Jesse Scholtens,TBR,3.9616547619047666,0.7362166333600285,Pitcher,484,867
Joel Peguero,SFG,3.9490238095238066,0.7338693522876186,Pitcher,485,868
Hunter Dobbins,STL,3.9099404761904792,0.7266062761700733,Pitcher,486,869
Ryan Zeferjahn,LAA,3.8909404761904733,0.7230753990809452,Pitcher,487,870
Jimmy Herget,COL,3.8682142857142936,0.7188520630138148,Pitcher,488,871
Charlie Morton,,3.866666666666667,0.7185644602433957,Pitcher,489,872
Mitchell Parker,WSN,3.838095238095238,0.7132548706356858,Pitcher,490,873
Caden Dana,LAA,3.838095238095238,0.7132548706356858,Pitcher,490,874
Griff McGarry,WSN,3.816023809523809,0.7091532126637299,Pitcher,492,875
Luinder Avila,KCR,3.8017261904761885,0.7064962055308716,Pitcher,493,876
Zak Kent,TEX,3.782916666666664,0.7030007257057957,Pitcher,494,877
Bryce Elder,ATL,3.7721904761904765,0.7010074172739019,Pitcher,495,878
Joey Estes,ATH,3.7509047619047697,0.6970517730161595,Pitcher,496,879
Brandon Young,BAL,3.7386428571428603,0.6947730741428498,Pitcher,497,880
Kyle Wright,,3.7334047619047612,0.6937996493814357,Pitcher,498,881
Ryan Watson,BOS,3.7295833333333364,0.6930894917714051,Pitcher,499,882
Zack Kelly,BOS,3.683107142857141,0.6844525593428629,Pitcher,500,883
José Fermin,LAA,3.682571428571428,0.6843530045377186,Pitcher,501,884
Adam Mazur,MIA,3.666750000000002,0.6814128192924498,Pitcher,502,885
Michael Tonkin,MIN,3.6301190476190492,0.674605482949565,Pitcher,503,886
Austin Gomber,TEX,3.59230952380953,0.6675791260353633,Pitcher,504,887
Troy Taylor,SEA,3.589285714285711,0.6670171944685455,Pitcher,505,888
Josh Simpson,MIA,3.5857380952380975,0.6663579204255893,Pitcher,506,889
Rhett Lowder,CIN,3.565476190476194,0.6625925364621219,Pitcher,507,890
Yoendrys Gómez,TBR,3.533333333333333,0.6566192481534477,Pitcher,508,891
Ty Adcock,SDP,3.5306547619047697,0.6561214741277264,Pitcher,509,892
Grant Wolfram,BAL,3.5279523809523834,0.6556192754439962,Pitcher,510,893
Michael Kopech,,3.4900952380952392,0.6485840692137804,Pitcher,511,894
Joe Ross,,3.481547619047616,0.646995616989473,Pitcher,512,895
Rico Garcia,BAL,3.4627738095238083,0.6435067741514074,Pitcher,513,896
Carson Whisenhunt,SFG,3.445369047619046,0.6402723491487108,Pitcher,514,897
Hayden Birdsong,SFG,3.410892857142855,0.6338654443554076,Pitcher,515,898
Chris Roycroft,STL,3.407499999999999,0.6332349305894922,Pitcher,516,899
Cole Winn,TEX,3.4000000000000004,0.6318411633174686,Pitcher,517,900
Anthony Banda,LAD,3.3985357142857158,0.6315690468500738,Pitcher,518,901
Ricky Tiedemann,TOR,3.3853809523809555,0.6291244233015243,Pitcher,519,902
Daysbel Hernández,ATL,3.3750595238095245,0.6272063340557387,Pitcher,520,903
Juan Mejia,COL,3.3714285714285714,0.6265315737097588,Pitcher,521,904
Jedixson Paez,CHW,3.358797619047629,0.6241842926373523,Pitcher,522,905
Blade Tidwell,SFG,3.308595238095235,0.614854901230803,Pitcher,523,906
Kyle Hurt,LAD,3.3039761904761873,0.6139965175775566,Pitcher,524,907
Hunter Bigge,TBR,3.292952380952383,0.6119479009205828,Pitcher,525,908
Quinn Mathews,STL,3.2726547619047595,0.6081758799701048,Pitcher,526,909
AJ Blubaugh,HOU,3.2393333333333327,0.6019835710901136,Pitcher,527,910
Pedro Avila,CLE,3.215273809523808,0.5975124541746211,Pitcher,528,911
Chris Murphy,CHW,3.1596785714285733,0.5871808777296197,Pitcher,529,912
Bailey Falter,KCR,3.136690476190484,0.5829088704244176,Pitcher,530,913
John Klein,MIN,3.1355476190476277,0.5826964868401093,Pitcher,531,914
Bailey Horn,DET,3.1331071428571424,0.5822429593944491,Pitcher,532,915
Ryan Gusto,MIA,3.1237976190476204,0.5805129181139373,Pitcher,533,916
Tommy Kahnle,,3.105880952380952,0.5771833629641023,Pitcher,534,917
Brennan Bernardino,COL,3.087999999999999,0.5738604448012772,Pitcher,535,918
Dylan Smith,DET,3.0869880952380977,0.5736723968360048,Pitcher,536,919
Will Klein,LAD,3.0641190476190454,0.5694225128208328,Pitcher,537,920
Gus Varland,WSN,3.0545595238095262,0.5676460126312541,Pitcher,538,921
Carlos Rodriguez,MIL,3.052511904761911,0.5672654920427023,Pitcher,539,922
Nate Pearson,HOU,3.041440476190475,0.5652080260697133,Pitcher,540,923
Kendall Graveman,,3.0200476190476193,0.5612324708509409,Pitcher,541,924
Joey Wentz,ATL,3.0191904761904733,0.561073183162709,Pitcher,542,925
Seth Halvorsen,COL,3.0,0.5575069088095311,Pitcher,543,926
Nick Sandlin,LAA,2.9953571428571513,0.5566441004982798,Pitcher,544,927
Alexis Díaz,TEX,2.914285714285714,0.5415781399864016,Pitcher,545,928
Tyler Samaniego,BOS,2.904202380952379,0.5397042973206804,Pitcher,546,929
Cody Laweryson,LAA,2.8905714285714357,0.5371711806120039,Pitcher,547,930
Luis Perales,WSN,2.874666666666668,0.534215509063711,Pitcher,548,931
Drew Thorpe,CHW,2.8476190476190473,0.529189097568412,Pitcher,549,932
Travis Adams,MIN,2.8445595238095263,0.5286205290145869,Pitcher,550,933
Paxton Schultz,WSN,2.8230476190476166,0.5246228505057812,Pitcher,551,934
Peyton Pallette,CLE,2.8206904761904763,0.5241848093631456,Pitcher,552,935
McCade Brown,COL,2.742857142857143,0.5097206023401427,Pitcher,553,936
Rafael Montero,,2.7378095238095272,0.5087825748427813,Pitcher,554,937
Andre Granillo,STL,2.737047619047616,0.5086409857865745,Pitcher,555,938
Connor Phillips,CIN,2.7142857142857144,0.5044110127324329,Pitcher,556,939
Kyle Hart,SDP,2.6610833333333304,0.494524114417076,Pitcher,557,940
Ben Casparius,LAD,2.657000000000007,0.49376528556897603,Pitcher,558,941
Jorge López,,2.651809523809527,0.4928007101235747,Pitcher,559,942
Jackson Rutledge,WSN,2.5428571428571427,0.47255347508617396,Pitcher,560,943
George Soriano,WSN,2.527749999999997,0.46974602958109685,Pitcher,561,944
Brent Suter,,2.4636785714285727,0.4578392748858084,Pitcher,562,945
Jaden Hill,COL,2.4571428571428573,0.4566247062630446,Pitcher,563,946
Ryan Bergert,KCR,2.4571428571428573,0.4566247062630446,Pitcher,563,947
Edgardo Henriquez,LAD,2.4042380952380915,0.4467931161727678,Pitcher,565,948
Eduarniel Núñez,ATH,2.4,0.44600552704762486,Pitcher,566,949
RJ Petit,COL,2.3428571428571425,0.4353863478322052,Pitcher,567,950
Michael Petersen,MIA,2.33314285714286,0.4335810873655844,Pitcher,568,951
Grant Holman,ATH,2.3299047619047597,0.4329793338767097,Pitcher,569,952
Sam Moll,CIN,2.313011904761904,0.42984003902115153,Pitcher,570,953
T.J. McFarland,,2.2615714285714312,0.4202805653982713,Pitcher,571,954
Welinton Herrera,COL,2.2609880952380976,0.4201721612771138,Pitcher,572,955
Roddery Muñoz,HOU,2.1809523809523808,0.4052986733885162,Pitcher,573,956
Zach McCambley,PHI,2.174452380952383,0.40409074175276266,Pitcher,574,957
Wikelman González,CHW,2.1523809523809523,0.39998908378080644,Pitcher,575,958
Zach Pop,PHI,2.142857142857143,0.3982192205782365,Pitcher,576,959
Zach Maxwell,CIN,2.123809523809524,0.3946794941730966,Pitcher,577,960
Doug Nikhazy,CLE,2.1031428571428554,0.39083889102351954,Pitcher,578,961
Kaleb Ort,LAA,2.0952380952380953,0.38936990456538684,Pitcher,579,962
Steven Wilson,TBR,2.0952380952380953,0.38936990456538684,Pitcher,579,963
Yilber Díaz,ARI,2.085904761904761,0.38763543862686806,Pitcher,581,964
Gunnar Hoglund,ATH,2.0285714285714285,0.3769808621473972,Pitcher,582,965
Antonio Senzatela,COL,2.0285714285714285,0.3769808621473972,Pitcher,582,966
Chris Devenski,PIT,2.0225357142857137,0.3758592113427684,Pitcher,584,967
Carter Baumler,TEX,1.9523809523809526,0.36282195652683774,Pitcher,585,968
Tayler Saucedo,LAA,1.9319047619047651,0.35901675064131294,Pitcher,586,969
Brandan Bidois,PIT,1.9272857142857107,0.35815836698806525,Pitcher,587,970
Drew Smith,,1.9238095238095236,0.35751236691912786,Pitcher,588,971
Tyler Gilbert,CHW,1.9238095238095236,0.35751236691912786,Pitcher,588,972
Mason Barnett,ATH,1.9238095238095236,0.35751236691912786,Pitcher,588,973
Jason Alexander,HOU,1.9052976190476179,0.35407219531913237,Pitcher,591,974
Brandon Williamson,CIN,1.8952380952380952,0.352202777311418,Pitcher,592,975
Beau Brieske,DET,1.8952380952380952,0.352202777311418,Pitcher,592,976
Kai-Wei Teng,HOU,1.8746904761904741,0.34838429745187305,Pitcher,594,977
Matt Waldron,SDP,1.8265952380952408,0.33944648827889573,Pitcher,595,978
Alexander Alberto,CHW,1.7809523809523808,0.33096441888057876,Pitcher,596,979
Marc Church,TEX,1.7809523809523808,0.33096441888057876,Pitcher,596,980
Ryan Harbin,PIT,1.7523809523809524,0.325654829272869,Pitcher,598,981
Chad Green,,1.7523809523809524,0.325654829272869,Pitcher,598,982
Keegan Thompson,COL,1.7523809523809524,0.325654829272869,Pitcher,598,983
Luis Mey,CIN,1.7523809523809524,0.325654829272869,Pitcher,598,984
Lou Trivino,,1.723809523809524,0.32034523966515915,Pitcher,602,985
Max Lazar,PHI,1.7053095238095248,0.3169072803941672,Pitcher,603,986
Chase Petty,CIN,1.695238095238095,0.31503565005744927,Pitcher,604,987
Spencer Turnbull,,1.695238095238095,0.31503565005744927,Pitcher,604,988
Kyle Keller,,1.6666666666666665,0.3097260604497395,Pitcher,606,989
Braden Nett,ATH,1.6666666666666665,0.3097260604497395,Pitcher,606,990
Zach Agnos,COL,1.638095238095238,0.30441647084202966,Pitcher,608,991
Chase Shugart,PHI,1.638095238095238,0.30441647084202966,Pitcher,608,992
Cade Winquest,NYY,1.6095238095238096,0.2991068812343199,Pitcher,610,993
Lucas Sims,CHW,1.6095238095238096,0.2991068812343199,Pitcher,610,994
River Ryan,LAD,1.5809523809523809,0.29379729162661006,Pitcher,612,995
Mason Black,KCR,1.5809523809523809,0.29379729162661006,Pitcher,612,996
Duncan Davitt,CHW,1.5523809523809522,0.28848770201890017,Pitcher,614,997
Colin Poche,,1.5523809523809522,0.28848770201890017,Pitcher,614,998
Wade Miley,,1.5523809523809522,0.28848770201890017,Pitcher,614,999
Luis Curvelo,TEX,1.5238095238095237,0.2831781124111904,Pitcher,617,1000
Cal Quantrill,TEX,1.5064523809523815,0.2799525367245068,Pitcher,618,1001
Juan Burgos,ARI,1.4666666666666668,0.2725589331957708,Pitcher,619,1002
Hunter Strickland,,1.4666666666666668,0.2725589331957708,Pitcher,619,1003
Austin Love,STL,1.438095238095238,0.26724934358806096,Pitcher,621,1004
Gabriel Hughes,COL,1.438095238095238,0.26724934358806096,Pitcher,621,1005
Martín Pérez,ATL,1.438095238095238,0.26724934358806096,Pitcher,621,1006
Sam Aldegheri,LAA,1.4095238095238094,0.2619397539803511,Pitcher,624,1007
Luis Guerrero,TBR,1.4095238095238094,0.2619397539803511,Pitcher,624,1008
Sean Sullivan,COL,1.4095238095238094,0.2619397539803511,Pitcher,624,1009
Wilber Dotel,PIT,1.380952380952381,0.2566301643726413,Pitcher,627,1010
Prelander Berroa,CHW,1.3333333333333333,0.24778084835979158,Pitcher,628,1011
Dan Altavilla,MIN,1.276190476190476,0.23716166914437195,Pitcher,629,1012
Luis Peralta,COL,1.2476190476190476,0.23185207953666215,Pitcher,630,1013
Carson Palmquist,COL,1.2476190476190476,0.23185207953666215,Pitcher,630,1014
Cam Sanders,PIT,1.2476190476190476,0.23185207953666215,Pitcher,630,1015
Angel Chivilli,NYY,1.2040952380952377,0.22376380470091745,Pitcher,633,1016
Triston McKenzie,SDP,1.161904761904762,0.2159233107135327,Pitcher,634,1017
Alek Jacob,SDP,1.161904761904762,0.2159233107135327,Pitcher,634,1018
Orlando Ribalta,WSN,1.1047619047619048,0.20530413149811305,Pitcher,636,1019
Jayden Murray,HOU,1.0476190476190477,0.19468495228269342,Pitcher,637,1020
Julian Aguiar,CIN,1.0476190476190477,0.19468495228269342,Pitcher,637,1021
Trevor Williams,WSN,1.019047619047619,0.18937536267498356,Pitcher,639,1022
Bryse Wilson,PHI,0.9333333333333333,0.17344659385185413,Pitcher,640,1023
